,mean_fit_time,mean_score_time,mean_test_score,mean_train_score,param_learning_rate,param_max_depth,param_max_features,param_min_impurity_split,param_min_samples_leaf,param_min_samples_split,param_n_estimators,param_random_state,param_subsample,params,rank_test_score,split0_test_score,split0_train_score,split1_test_score,split1_train_score,split2_test_score,split2_train_score,split3_test_score,split3_train_score,split4_test_score,split4_train_score,std_fit_time,std_score_time,std_test_score,std_train_score
0,6.5978000164,0.0448000431061,0.656570036798,0.865052986763,0.1,5,sqrt,1e-07,1,2,250,10,0.8,"{'subsample': 0.8, 'min_impurity_split': 1e-07, 'learning_rate': 0.1, 'min_samples_leaf': 1, 'n_estimators': 250, 'min_samples_split': 2, 'random_state': 10, 'max_features': 'sqrt', 'max_depth': 5}",1,0.662422197603,0.861452708243,0.683619346796,0.864087858222,0.67396325049,0.864834367597,0.59655426616,0.86447094975,0.66629340221,0.870419050006,0.078840069457,0.00515364345843,0.0308709398488,0.00293512094051
1,11.7515999794,0.0533999443054,0.649833963747,0.932613314935,0.1,7,sqrt,1e-07,1,2,250,10,0.8,"{'subsample': 0.8, 'min_impurity_split': 1e-07, 'learning_rate': 0.1, 'min_samples_leaf': 1, 'n_estimators': 250, 'min_samples_split': 2, 'random_state': 10, 'max_features': 'sqrt', 'max_depth': 7}",2,0.642338803636,0.929715298776,0.689785349313,0.932393667587,0.674849832055,0.932056213953,0.593495599698,0.933954102563,0.648699968213,0.934947291799,0.0671672307907,0.000799942016602,0.033026162018,0.00178898091584
2,21.1277999878,0.0691999912262,0.628740183228,0.973893735866,0.1,9,sqrt,1e-07,1,2,250,10,0.8,"{'subsample': 0.8, 'min_impurity_split': 1e-07, 'learning_rate': 0.1, 'min_samples_leaf': 1, 'n_estimators': 250, 'min_samples_split': 2, 'random_state': 10, 'max_features': 'sqrt', 'max_depth': 9}",4,0.626123646433,0.973579599483,0.65824101891,0.973973681003,0.64317376851,0.973783368327,0.585862032969,0.973607259813,0.630300815151,0.974524770706,0.497170965987,0.0026381165008,0.0241933128385,0.00034569564198
3,39.1367999554,0.100999927521,0.62893649536,0.992189507693,0.1,11,sqrt,1e-07,1,2,250,10,0.8,"{'subsample': 0.8, 'min_impurity_split': 1e-07, 'learning_rate': 0.1, 'min_samples_leaf': 1, 'n_estimators': 250, 'min_samples_split': 2, 'random_state': 10, 'max_features': 'sqrt', 'max_depth': 11}",3,0.618448818985,0.992387363346,0.649928183969,0.992000297572,0.660775268945,0.991987970317,0.569256504256,0.991894249602,0.646277765642,0.992677657628,1.38344170926,0.00993979408167,0.0329452721311,0.000296995738105
4,72.5728000164,0.134799957275,0.622035067448,0.998082703712,0.1,13,sqrt,1e-07,1,2,250,10,0.8,"{'subsample': 0.8, 'min_impurity_split': 1e-07, 'learning_rate': 0.1, 'min_samples_leaf': 1, 'n_estimators': 250, 'min_samples_split': 2, 'random_state': 10, 'max_features': 'sqrt', 'max_depth': 13}",5,0.618898460648,0.998028483747,0.648530085513,0.998033070338,0.643854391628,0.998163423366,0.569140694238,0.99805224707,0.629753514508,0.998136294039,2.19587407796,0.00770453528088,0.0284445848298,5.60686529533e-05
5,136.686599922,0.173800086975,0.616264488976,0.999567755812,0.1,15,sqrt,1e-07,1,2,250,10,0.8,"{'subsample': 0.8, 'min_impurity_split': 1e-07, 'learning_rate': 0.1, 'min_samples_leaf': 1, 'n_estimators': 250, 'min_samples_split': 2, 'random_state': 10, 'max_features': 'sqrt', 'max_depth': 15}",6,0.612658466054,0.999641989525,0.642386753405,0.999483854994,0.639446699395,0.999632583918,0.560809607341,0.99954155544,0.626023206242,0.999538795183,3.68725542982,0.00923908603509,0.029676426875,6.04613138075e-05
0,4.98340001106,0.0365999698639,0.646353812053,0.822470377171,0.1,4,sqrt,1e-07,1,2,250,10,0.8,"{'subsample': 0.8, 'min_impurity_split': 1e-07, 'learning_rate': 0.1, 'min_samples_leaf': 1, 'n_estimators': 250, 'min_samples_split': 2, 'random_state': 10, 'max_features': 'sqrt', 'max_depth': 4}",3,0.632910984175,0.823928222346,0.687824551727,0.818986794319,0.655628561696,0.821144574205,0.600223653908,0.822270872097,0.655183378514,0.826021422887,0.0488533114277,0.00241657216309,0.0289574994552,0.00239449967613
1,6.71019992828,0.0434000015259,0.656570036798,0.865052986763,0.1,5,sqrt,1e-07,1,2,250,10,0.8,"{'subsample': 0.8, 'min_impurity_split': 1e-07, 'learning_rate': 0.1, 'min_samples_leaf': 1, 'n_estimators': 250, 'min_samples_split': 2, 'random_state': 10, 'max_features': 'sqrt', 'max_depth': 5}",2,0.662422197603,0.861452708243,0.683619346796,0.864087858222,0.67396325049,0.864834367597,0.59655426616,0.86447094975,0.66629340221,0.870419050006,0.105277588102,0.00344085531925,0.0308709398488,0.00293512094051
2,8.97260007858,0.05,0.660088472362,0.902266242839,0.1,6,sqrt,1e-07,1,2,250,10,0.8,"{'subsample': 0.8, 'min_impurity_split': 1e-07, 'learning_rate': 0.1, 'min_samples_leaf': 1, 'n_estimators': 250, 'min_samples_split': 2, 'random_state': 10, 'max_features': 'sqrt', 'max_depth': 6}",1,0.663204980737,0.901754506965,0.694502145178,0.901352929646,0.670641576508,0.900213511869,0.613284370238,0.901899735804,0.658808989226,0.906110529909,0.165983876765,0.0055856326412,0.0264492198846,0.00201109868039
0,9.35760006905,0.0633999347687,0.660088472362,0.902266242839,0.1,6,sqrt,1e-07,1,2,250,10,0.8,"{'subsample': 0.8, 'min_impurity_split': 1e-07, 'learning_rate': 0.1, 'min_samples_leaf': 1, 'n_estimators': 250, 'min_samples_split': 2, 'random_state': 10, 'max_features': 'sqrt', 'max_depth': 6}",11,0.663204980737,0.901754506965,0.694502145178,0.901352929646,0.670641576508,0.900213511869,0.613284370238,0.901899735804,0.658808989226,0.906110529909,0.250510351973,0.0143192556159,0.0264492198846,0.00201109868039
1,7.09679999352,0.0458000183105,0.655239722439,0.83094618941,0.1,6,sqrt,1e-07,1,202,250,10,0.8,"{'subsample': 0.8, 'min_impurity_split': 1e-07, 'learning_rate': 0.1, 'min_samples_leaf': 1, 'n_estimators': 250, 'min_samples_split': 202, 'random_state': 10, 'max_features': 'sqrt', 'max_depth': 6}",18,0.65311912487,0.828747931506,0.714726658556,0.823507027427,0.660472328297,0.827022101087,0.583510673755,0.838071814382,0.664371967423,0.837382072646,0.107052149729,0.00213539485788,0.041950971331,0.00579253074676
2,6.49239993095,0.0427999973297,0.649423987183,0.810049860969,0.1,6,sqrt,1e-07,1,402,250,10,0.8,"{'subsample': 0.8, 'min_impurity_split': 1e-07, 'learning_rate': 0.1, 'min_samples_leaf': 1, 'n_estimators': 250, 'min_samples_split': 402, 'random_state': 10, 'max_features': 'sqrt', 'max_depth': 6}",27,0.647171536547,0.808268725733,0.69978703323,0.804000465539,0.667836406344,0.811623242566,0.574841486591,0.814161717597,0.657485362884,0.812195153408,0.0300505915503,0.000748404683283,0.0412515356209,0.0035707926856
3,6.4006000042,0.043199968338,0.649522206717,0.793417281947,0.1,6,sqrt,1e-07,1,602,250,10,0.8,"{'subsample': 0.8, 'min_impurity_split': 1e-07, 'learning_rate': 0.1, 'min_samples_leaf': 1, 'n_estimators': 250, 'min_samples_split': 602, 'random_state': 10, 'max_features': 'sqrt', 'max_depth': 6}",26,0.637966905766,0.792154102478,0.701900807886,0.783503211088,0.656632369725,0.789193308271,0.587086916957,0.806523710223,0.664027433446,0.795712077677,0.0665510211984,0.00203960025014,0.0375138503294,0.00767816288694
4,6.21100001335,0.0415999412537,0.63866315078,0.785511967194,0.1,6,sqrt,1e-07,1,802,250,10,0.8,"{'subsample': 0.8, 'min_impurity_split': 1e-07, 'learning_rate': 0.1, 'min_samples_leaf': 1, 'n_estimators': 250, 'min_samples_split': 802, 'random_state': 10, 'max_features': 'sqrt', 'max_depth': 6}",36,0.645221673446,0.783351636131,0.691287676856,0.77793913458,0.650078644488,0.784090692674,0.551918494638,0.794947380716,0.654813050197,0.787230991868,0.0712937646085,0.00195959090295,0.0463218413328,0.00558599891724
5,6.06119999886,0.0417999744415,0.641932462336,0.77671716698,0.1,6,sqrt,1e-07,1,1002,250,10,0.8,"{'subsample': 0.8, 'min_impurity_split': 1e-07, 'learning_rate': 0.1, 'min_samples_leaf': 1, 'n_estimators': 250, 'min_samples_split': 1002, 'random_state': 10, 'max_features': 'sqrt', 'max_depth': 6}",35,0.630968724502,0.771895319103,0.698200181575,0.769691384092,0.646629998374,0.773009963155,0.565160559461,0.786392581291,0.668709124531,0.782596587262,0.0229555312762,0.000979802753293,0.0445410783664,0.00655036529181
6,7.4732000351,0.0453999996185,0.673859371675,0.84375028857,0.1,6,sqrt,1e-07,21,2,250,10,0.8,"{'subsample': 0.8, 'min_impurity_split': 1e-07, 'learning_rate': 0.1, 'min_samples_leaf': 21, 'n_estimators': 250, 'min_samples_split': 2, 'random_state': 10, 'max_features': 'sqrt', 'max_depth': 6}",1,0.674209032722,0.842785150464,0.707887442811,0.839605491504,0.689809743732,0.836396321659,0.616668720498,0.852581383331,0.680723527651,0.847383095891,0.0994653819291,0.000489901382448,0.0307588823282,0.00571624329971
7,6.92620005608,0.0490000247955,0.660093147779,0.794654255323,0.1,6,sqrt,1e-07,21,202,250,10,0.8,"{'subsample': 0.8, 'min_impurity_split': 1e-07, 'learning_rate': 0.1, 'min_samples_leaf': 21, 'n_estimators': 250, 'min_samples_split': 202, 'random_state': 10, 'max_features': 'sqrt', 'max_depth': 6}",10,0.65439118422,0.798757105074,0.704612021611,0.787363538641,0.668311572826,0.79059086836,0.595108983492,0.802595166603,0.678046185147,0.793964597936,0.104166006842,0.00817303022248,0.0364073436068,0.00547782326659
8,6.89239997864,0.0492000102997,0.659238546371,0.774610030142,0.1,6,sqrt,1e-07,21,402,250,10,0.8,"{'subsample': 0.8, 'min_impurity_split': 1e-07, 'learning_rate': 0.1, 'min_samples_leaf': 21, 'n_estimators': 250, 'min_samples_split': 402, 'random_state': 10, 'max_features': 'sqrt', 'max_depth': 6}",13,0.660007866303,0.776103711054,0.695302573258,0.765765630628,0.67173630571,0.768593882111,0.589691668961,0.787573013462,0.679459057546,0.775013913456,0.240255419952,0.00348713989824,0.036614902778,0.00754785507093
9,6.59199995995,0.0519999504089,0.652567050218,0.760601421462,0.1,6,sqrt,1e-07,21,602,250,10,0.8,"{'subsample': 0.8, 'min_impurity_split': 1e-07, 'learning_rate': 0.1, 'min_samples_leaf': 21, 'n_estimators': 250, 'min_samples_split': 602, 'random_state': 10, 'max_features': 'sqrt', 'max_depth': 6}",21,0.654023114205,0.761398644993,0.696035923935,0.749240173686,0.660964087392,0.754344060446,0.584155076655,0.774686753929,0.667660587001,0.763337474257,0.183334755709,0.00477489804569,0.0370687335033,0.00865737441587
10,6.46960000992,0.0492000102997,0.65238484406,0.753552362878,0.1,6,sqrt,1e-07,21,802,250,10,0.8,"{'subsample': 0.8, 'min_impurity_split': 1e-07, 'learning_rate': 0.1, 'min_samples_leaf': 21, 'n_estimators': 250, 'min_samples_split': 802, 'random_state': 10, 'max_features': 'sqrt', 'max_depth': 6}",23,0.651882953146,0.75204563603,0.694511978488,0.744463399496,0.655398984101,0.74828100244,0.589662715524,0.76999708797,0.67047182884,0.752974688455,0.102140241512,0.00435434304569,0.0347719529379,0.00875704759731
11,6.40779995918,0.0492000102997,0.65251501078,0.746901866034,0.1,6,sqrt,1e-07,21,1002,250,10,0.8,"{'subsample': 0.8, 'min_impurity_split': 1e-07, 'learning_rate': 0.1, 'min_samples_leaf': 21, 'n_estimators': 250, 'min_samples_split': 1002, 'random_state': 10, 'max_features': 'sqrt', 'max_depth': 6}",22,0.656739952701,0.750410334524,0.694978378542,0.738806708824,0.654897704227,0.738985871544,0.582014380403,0.760231291684,0.673949662557,0.746075123592,0.0920334649996,0.00365519459829,0.0380964057499,0.00798574957533
12,7.58739995956,0.050800037384,0.668364182337,0.81870679852,0.1,6,sqrt,1e-07,41,2,250,10,0.8,"{'subsample': 0.8, 'min_impurity_split': 1e-07, 'learning_rate': 0.1, 'min_samples_leaf': 41, 'n_estimators': 250, 'min_samples_split': 2, 'random_state': 10, 'max_features': 'sqrt', 'max_depth': 6}",2,0.661916421739,0.821558060369,0.712533064887,0.810231816632,0.678117353764,0.811642632316,0.612652513721,0.832207888496,0.676603488963,0.817893594788,0.227622071853,0.00348717545026,0.0324329925016,0.00790946505324
13,6.99300003052,0.0487998962402,0.662720723076,0.78669125644,0.1,6,sqrt,1e-07,41,202,250,10,0.8,"{'subsample': 0.8, 'min_impurity_split': 1e-07, 'learning_rate': 0.1, 'min_samples_leaf': 41, 'n_estimators': 250, 'min_samples_split': 202, 'random_state': 10, 'max_features': 'sqrt', 'max_depth': 6}",8,0.660971395118,0.788946105861,0.709997049177,0.775374995316,0.669508013834,0.782463007066,0.597834191819,0.797230056036,0.675295913201,0.789442117923,0.135846944759,0.00285660470351,0.0364769808271,0.00734375571945
14,6.5976000309,0.0471999645233,0.657984183933,0.765733956074,0.1,6,sqrt,1e-07,41,402,250,10,0.8,"{'subsample': 0.8, 'min_impurity_split': 1e-07, 'learning_rate': 0.1, 'min_samples_leaf': 41, 'n_estimators': 250, 'min_samples_split': 402, 'random_state': 10, 'max_features': 'sqrt', 'max_depth': 6}",14,0.661340656348,0.766515795377,0.695436981898,0.752465199632,0.662615326725,0.760841735855,0.598876850382,0.782361429335,0.671654308747,0.76648562017,0.0731015783649,0.00172047339437,0.0319880312333,0.00977387185142
15,6.45859994888,0.0470000267029,0.653344911822,0.751824020568,0.1,6,sqrt,1e-07,41,602,250,10,0.8,"{'subsample': 0.8, 'min_impurity_split': 1e-07, 'learning_rate': 0.1, 'min_samples_leaf': 41, 'n_estimators': 250, 'min_samples_split': 602, 'random_state': 10, 'max_features': 'sqrt', 'max_depth': 6}",19,0.654563922307,0.756925384065,0.687003759206,0.738049129899,0.664082459607,0.745910634755,0.593369018485,0.764381378422,0.66770876656,0.7538535757,0.06607446178,0.00252986495383,0.0317909281966,0.00908345732143
16,6.27759995461,0.0480000019073,0.651119376761,0.744679651621,0.1,6,sqrt,1e-07,41,802,250,10,0.8,"{'subsample': 0.8, 'min_impurity_split': 1e-07, 'learning_rate': 0.1, 'min_samples_leaf': 41, 'n_estimators': 250, 'min_samples_split': 802, 'random_state': 10, 'max_features': 'sqrt', 'max_depth': 6}",24,0.648792468836,0.743961398702,0.691469115642,0.734808842892,0.65853815884,0.73979353659,0.585740336948,0.75661163627,0.671061478199,0.748222843651,0.0456622770115,0.0010954527789,0.0356675356651,0.00743974918608
17,6.16360006332,0.0453999996185,0.649003062036,0.7368448816,0.1,6,sqrt,1e-07,41,1002,250,10,0.8,"{'subsample': 0.8, 'min_impurity_split': 1e-07, 'learning_rate': 0.1, 'min_samples_leaf': 41, 'n_estimators': 250, 'min_samples_split': 1002, 'random_state': 10, 'max_features': 'sqrt', 'max_depth': 6}",28,0.646401874618,0.73852959621,0.686443899647,0.725027693606,0.660215195586,0.731336071456,0.59371611775,0.753500656378,0.658240387913,0.73583039035,0.0357972401776,0.00224501013268,0.0305825704456,0.00950026537078
18,7.33240003586,0.0488000869751,0.666649112849,0.800121007227,0.1,6,sqrt,1e-07,61,2,250,10,0.8,"{'subsample': 0.8, 'min_impurity_split': 1e-07, 'learning_rate': 0.1, 'min_samples_leaf': 61, 'n_estimators': 250, 'min_samples_split': 2, 'random_state': 10, 'max_features': 'sqrt', 'max_depth': 6}",3,0.660876364539,0.802182671233,0.711620494123,0.793151463405,0.678475918021,0.795304546048,0.611477535542,0.813500165704,0.670796224149,0.796466189747,0.0497779625771,0.000748353705077,0.0324251969285,0.0073264298292
19,6.95300002098,0.0493999958038,0.663101648458,0.781821376109,0.1,6,sqrt,1e-07,61,202,250,10,0.8,"{'subsample': 0.8, 'min_impurity_split': 1e-07, 'learning_rate': 0.1, 'min_samples_leaf': 61, 'n_estimators': 250, 'min_samples_split': 202, 'random_state': 10, 'max_features': 'sqrt', 'max_depth': 6}",5,0.65755723687,0.782988382242,0.701534667585,0.770332185753,0.671693674994,0.776081268974,0.605334001781,0.795456491469,0.679392479818,0.784248552105,0.0658331175241,0.00265330521056,0.0322004143167,0.00846309378965
20,6.60199999809,0.0480000019073,0.659709761671,0.758196536199,0.1,6,sqrt,1e-07,61,402,250,10,0.8,"{'subsample': 0.8, 'min_impurity_split': 1e-07, 'learning_rate': 0.1, 'min_samples_leaf': 61, 'n_estimators': 250, 'min_samples_split': 402, 'random_state': 10, 'max_features': 'sqrt', 'max_depth': 6}",12,0.659125438371,0.761345782153,0.693633709826,0.742548093738,0.665539148004,0.754874431964,0.60087732617,0.771663862178,0.679377796399,0.760550510961,0.0830974751545,0.00219084025905,0.0317281887077,0.00951564968118
21,6.65180006027,0.052399969101,0.656090514509,0.744844160386,0.1,6,sqrt,1e-07,61,602,250,10,0.8,"{'subsample': 0.8, 'min_impurity_split': 1e-07, 'learning_rate': 0.1, 'min_samples_leaf': 61, 'n_estimators': 250, 'min_samples_split': 602, 'random_state': 10, 'max_features': 'sqrt', 'max_depth': 6}",16,0.651790775397,0.752222649486,0.697182676103,0.730933033637,0.66583117094,0.737970950957,0.59454810586,0.757991619577,0.671103363429,0.74510254827,0.180220254263,0.00344106041466,0.0341028074262,0.009676001283
22,6.60479998589,0.0565999984741,0.650360437454,0.73440828382,0.1,6,sqrt,1e-07,61,802,250,10,0.8,"{'subsample': 0.8, 'min_impurity_split': 1e-07, 'learning_rate': 0.1, 'min_samples_leaf': 61, 'n_estimators': 250, 'min_samples_split': 802, 'random_state': 10, 'max_features': 'sqrt', 'max_depth': 6}",25,0.643240640073,0.738447191177,0.68344803615,0.717037789005,0.661079314557,0.730383795858,0.590734702098,0.747638208206,0.673304872834,0.738534434853,0.0641292145402,0.000800025464436,0.0326869316656,0.0102596236548
23,6.48140001297,0.0545999526978,0.648817086499,0.729568973769,0.1,6,sqrt,1e-07,61,1002,250,10,0.8,"{'subsample': 0.8, 'min_impurity_split': 1e-07, 'learning_rate': 0.1, 'min_samples_leaf': 61, 'n_estimators': 250, 'min_samples_split': 1002, 'random_state': 10, 'max_features': 'sqrt', 'max_depth': 6}",30,0.643993741982,0.728958262562,0.688943872211,0.718441921681,0.653042404552,0.721722374319,0.599269468606,0.747681552838,0.658838294231,0.731040757446,0.0548692905815,0.00195968823331,0.0290063497383,0.0101585928849
24,7.55479998589,0.0642000198364,0.66316279909,0.786915941302,0.1,6,sqrt,1e-07,81,2,250,10,0.8,"{'subsample': 0.8, 'min_impurity_split': 1e-07, 'learning_rate': 0.1, 'min_samples_leaf': 81, 'n_estimators': 250, 'min_samples_split': 2, 'random_state': 10, 'max_features': 'sqrt', 'max_depth': 6}",4,0.650766352974,0.787265791781,0.706926489348,0.780286486055,0.679455507684,0.782659178489,0.601656613458,0.798962358,0.677012278467,0.785405892183,0.0330296667875,0.00945303968367,0.0355231040439,0.00647438808652
25,7.39660000801,0.05640001297,0.662173170169,0.778190649421,0.1,6,sqrt,1e-07,81,202,250,10,0.8,"{'subsample': 0.8, 'min_impurity_split': 1e-07, 'learning_rate': 0.1, 'min_samples_leaf': 81, 'n_estimators': 250, 'min_samples_split': 202, 'random_state': 10, 'max_features': 'sqrt', 'max_depth': 6}",9,0.657831449603,0.777295963842,0.708737288346,0.766575713943,0.664700398062,0.773291059156,0.605565600307,0.795809940739,0.674033894818,0.777980569423,0.0794118173218,0.00272758898666,0.0332829535022,0.00969738865216
26,6.98660001755,0.0565999984741,0.656285564836,0.753882824459,0.1,6,sqrt,1e-07,81,402,250,10,0.8,"{'subsample': 0.8, 'min_impurity_split': 1e-07, 'learning_rate': 0.1, 'min_samples_leaf': 81, 'n_estimators': 250, 'min_samples_split': 402, 'random_state': 10, 'max_features': 'sqrt', 'max_depth': 6}",15,0.649187340723,0.754723431099,0.699940042276,0.743783941315,0.663005744529,0.749507725787,0.60025564288,0.769771344039,0.669042044038,0.751627680055,0.0740530187802,0.00300678074701,0.0325685413079,0.00871052557978
27,6.76379995346,0.0550001144409,0.653127601816,0.739678423303,0.1,6,sqrt,1e-07,81,602,250,10,0.8,"{'subsample': 0.8, 'min_impurity_split': 1e-07, 'learning_rate': 0.1, 'min_samples_leaf': 81, 'n_estimators': 250, 'min_samples_split': 602, 'random_state': 10, 'max_features': 'sqrt', 'max_depth': 6}",20,0.647878099897,0.738472248403,0.690735268439,0.728455798141,0.667479066417,0.738994981645,0.593955103557,0.752808412741,0.665593392895,0.739660675585,0.104671670164,0.00167336975169,0.0325725380342,0.00774940260336
28,6.59439997673,0.0585999965668,0.648993203006,0.731147051406,0.1,6,sqrt,1e-07,81,802,250,10,0.8,"{'subsample': 0.8, 'min_impurity_split': 1e-07, 'learning_rate': 0.1, 'min_samples_leaf': 81, 'n_estimators': 250, 'min_samples_split': 802, 'random_state': 10, 'max_features': 'sqrt', 'max_depth': 6}",29,0.638201225573,0.731038760768,0.683063576071,0.721233808463,0.661490408809,0.726257334357,0.594191826595,0.746009699146,0.66802343889,0.731195654297,0.078858412964,0.000799977784274,0.0309803746823,0.00828364781275
29,6.47740001678,0.0548000335693,0.648005549909,0.723726040409,0.1,6,sqrt,1e-07,81,1002,250,10,0.8,"{'subsample': 0.8, 'min_impurity_split': 1e-07, 'learning_rate': 0.1, 'min_samples_leaf': 81, 'n_estimators': 250, 'min_samples_split': 1002, 'random_state': 10, 'max_features': 'sqrt', 'max_depth': 6}",32,0.637652679022,0.72534288858,0.688399316021,0.71619916908,0.660819833398,0.720007491354,0.595070094379,0.737298320581,0.658088190213,0.719782332451,0.0501302387512,0.000748264500812,0.0310066694812,0.00738722165095
30,7.40139989853,0.0592000961304,0.662817163389,0.770895795173,0.1,6,sqrt,1e-07,101,2,250,10,0.8,"{'subsample': 0.8, 'min_impurity_split': 1e-07, 'learning_rate': 0.1, 'min_samples_leaf': 101, 'n_estimators': 250, 'min_samples_split': 2, 'random_state': 10, 'max_features': 'sqrt', 'max_depth': 6}",6,0.657787528641,0.774541913791,0.703370687296,0.757401209059,0.672195342985,0.767107512347,0.600901212855,0.784363578834,0.679835034352,0.771064761834,0.0701558317255,0.0037094947657,0.0342964618604,0.00884487273634
31,7.42979998589,0.0593999862671,0.662817163389,0.770895795173,0.1,6,sqrt,1e-07,101,202,250,10,0.8,"{'subsample': 0.8, 'min_impurity_split': 1e-07, 'learning_rate': 0.1, 'min_samples_leaf': 101, 'n_estimators': 250, 'min_samples_split': 202, 'random_state': 10, 'max_features': 'sqrt', 'max_depth': 6}",6,0.657787528641,0.774541913791,0.703370687296,0.757401209059,0.672195342985,0.767107512347,0.600901212855,0.784363578834,0.679835034352,0.771064761834,0.0882754762389,0.00185471781848,0.0342964618604,0.00884487273634
32,6.96139993668,0.0588000297546,0.655963964375,0.749102556762,0.1,6,sqrt,1e-07,101,402,250,10,0.8,"{'subsample': 0.8, 'min_impurity_split': 1e-07, 'learning_rate': 0.1, 'min_samples_leaf': 101, 'n_estimators': 250, 'min_samples_split': 402, 'random_state': 10, 'max_features': 'sqrt', 'max_depth': 6}",17,0.650804538648,0.749647259641,0.69459689923,0.738831293671,0.665769471511,0.742155532552,0.59820554721,0.765565472769,0.670446760212,0.749313225175,0.0591764168935,0.00444522177773,0.0321286483732,0.00922094004651
33,6.67699995041,0.053600025177,0.648724690706,0.73315949162,0.1,6,sqrt,1e-07,101,602,250,10,0.8,"{'subsample': 0.8, 'min_impurity_split': 1e-07, 'learning_rate': 0.1, 'min_samples_leaf': 101, 'n_estimators': 250, 'min_samples_split': 602, 'random_state': 10, 'max_features': 'sqrt', 'max_depth': 6}",31,0.644980070036,0.740922897539,0.680320889027,0.713764997268,0.669061368558,0.733134380516,0.58832364421,0.747142342808,0.66094034519,0.73083283997,0.101689766356,0.00135646611057,0.0323222553288,0.0112902696908
34,6.51660003662,0.0542000293732,0.645611835339,0.72424714901,0.1,6,sqrt,1e-07,101,802,250,10,0.8,"{'subsample': 0.8, 'min_impurity_split': 1e-07, 'learning_rate': 0.1, 'min_samples_leaf': 101, 'n_estimators': 250, 'min_samples_split': 802, 'random_state': 10, 'max_features': 'sqrt', 'max_depth': 6}",33,0.640288873305,0.726251713669,0.679045577261,0.708312441865,0.656180081907,0.719639784066,0.59335229825,0.743631572654,0.659195530149,0.723400232797,0.0437886198928,0.00116620398837,0.0288914009844,0.0114510622221
35,6.40340008736,0.0553999900818,0.644202930396,0.718047740063,0.1,6,sqrt,1e-07,101,1002,250,10,0.8,"{'subsample': 0.8, 'min_impurity_split': 1e-07, 'learning_rate': 0.1, 'min_samples_leaf': 101, 'n_estimators': 250, 'min_samples_split': 1002, 'random_state': 10, 'max_features': 'sqrt', 'max_depth': 6}",34,0.634489834485,0.71648804508,0.679780318997,0.705953616344,0.658760619274,0.715944369044,0.585240298754,0.731007118923,0.662747927634,0.720845550925,0.0651416880378,0.00185472810392,0.0328411393663,0.00811046105542
0,8.03219995499,0.0558000087738,0.673754402822,0.850478977237,0.1,6,sqrt,1e-07,17,2,250,10,0.8,"{'subsample': 0.8, 'min_impurity_split': 1e-07, 'learning_rate': 0.1, 'min_samples_leaf': 17, 'n_estimators': 250, 'min_samples_split': 2, 'random_state': 10, 'max_features': 'sqrt', 'max_depth': 6}",7,0.666298806493,0.855601611867,0.716958603403,0.84417599436,0.689359419996,0.841680098584,0.614520830114,0.856978140135,0.68163620169,0.853959041239,0.180868339919,0.00193893140049,0.0338724038183,0.00628870746783
1,8.01240000725,0.0569999694824,0.673754402822,0.850478977237,0.1,6,sqrt,1e-07,17,10,250,10,0.8,"{'subsample': 0.8, 'min_impurity_split': 1e-07, 'learning_rate': 0.1, 'min_samples_leaf': 17, 'n_estimators': 250, 'min_samples_split': 10, 'random_state': 10, 'max_features': 'sqrt', 'max_depth': 6}",7,0.666298806493,0.855601611867,0.716958603403,0.84417599436,0.689359419996,0.841680098584,0.614520830114,0.856978140135,0.68163620169,0.853959041239,0.114594223218,0.00126489478019,0.0338724038183,0.00628870746783
2,8.07279996872,0.0560000419617,0.673754402822,0.850478977237,0.1,6,sqrt,1e-07,17,20,250,10,0.8,"{'subsample': 0.8, 'min_impurity_split': 1e-07, 'learning_rate': 0.1, 'min_samples_leaf': 17, 'n_estimators': 250, 'min_samples_split': 20, 'random_state': 10, 'max_features': 'sqrt', 'max_depth': 6}",7,0.666298806493,0.855601611867,0.716958603403,0.84417599436,0.689359419996,0.841680098584,0.614520830114,0.856978140135,0.68163620169,0.853959041239,0.177086923619,0.00167334125789,0.0338724038183,0.00628870746783
3,8.02720007896,0.0571999073029,0.673754402822,0.850478977237,0.1,6,sqrt,1e-07,17,30,250,10,0.8,"{'subsample': 0.8, 'min_impurity_split': 1e-07, 'learning_rate': 0.1, 'min_samples_leaf': 17, 'n_estimators': 250, 'min_samples_split': 30, 'random_state': 10, 'max_features': 'sqrt', 'max_depth': 6}",7,0.666298806493,0.855601611867,0.716958603403,0.84417599436,0.689359419996,0.841680098584,0.614520830114,0.856978140135,0.68163620169,0.853959041239,0.140170465538,0.00203960025014,0.0338724038183,0.00628870746783
4,7.95920004845,0.0579999446869,0.673299632881,0.846319212385,0.1,6,sqrt,1e-07,17,40,250,10,0.8,"{'subsample': 0.8, 'min_impurity_split': 1e-07, 'learning_rate': 0.1, 'min_samples_leaf': 17, 'n_estimators': 250, 'min_samples_split': 40, 'random_state': 10, 'max_features': 'sqrt', 'max_depth': 6}",11,0.669546041572,0.84570152495,0.712232378277,0.842745447229,0.699502102859,0.839622547839,0.603487869815,0.853819543331,0.681731748466,0.849706998575,0.111764793614,0.00228026921631,0.0378457909476,0.00501459292022
5,7.83080000877,0.0552000045776,0.67447545916,0.841928167998,0.1,6,sqrt,1e-07,17,50,250,10,0.8,"{'subsample': 0.8, 'min_impurity_split': 1e-07, 'learning_rate': 0.1, 'min_samples_leaf': 17, 'n_estimators': 250, 'min_samples_split': 50, 'random_state': 10, 'max_features': 'sqrt', 'max_depth': 6}",1,0.682563179596,0.843263150786,0.707417363616,0.835454948742,0.689108553785,0.838722996628,0.607235850031,0.849473309305,0.686055063167,0.84272643453,0.0764288351408,0.00172051219277,0.0346993107252,0.00472280122146
6,7.9243999958,0.0578000068665,0.670020716808,0.846640978907,0.1,6,sqrt,1e-07,19,2,250,10,0.8,"{'subsample': 0.8, 'min_impurity_split': 1e-07, 'learning_rate': 0.1, 'min_samples_leaf': 19, 'n_estimators': 250, 'min_samples_split': 2, 'random_state': 10, 'max_features': 'sqrt', 'max_depth': 6}",13,0.660543572139,0.845869633566,0.717797686508,0.841287575081,0.686456263255,0.844783602724,0.605835516469,0.851009857296,0.679472761336,0.850254225869,0.0783290319541,0.0037629405027,0.0370188159549,0.00360128878138
7,7.94200005531,0.0593999385834,0.670020716808,0.846640978907,0.1,6,sqrt,1e-07,19,10,250,10,0.8,"{'subsample': 0.8, 'min_impurity_split': 1e-07, 'learning_rate': 0.1, 'min_samples_leaf': 19, 'n_estimators': 250, 'min_samples_split': 10, 'random_state': 10, 'max_features': 'sqrt', 'max_depth': 6}",13,0.660543572139,0.845869633566,0.717797686508,0.841287575081,0.686456263255,0.844783602724,0.605835516469,0.851009857296,0.679472761336,0.850254225869,0.121757126818,0.00512245764376,0.0370188159549,0.00360128878138
8,7.91180000305,0.0567999839783,0.670020716808,0.846640978907,0.1,6,sqrt,1e-07,19,20,250,10,0.8,"{'subsample': 0.8, 'min_impurity_split': 1e-07, 'learning_rate': 0.1, 'min_samples_leaf': 19, 'n_estimators': 250, 'min_samples_split': 20, 'random_state': 10, 'max_features': 'sqrt', 'max_depth': 6}",13,0.660543572139,0.845869633566,0.717797686508,0.841287575081,0.686456263255,0.844783602724,0.605835516469,0.851009857296,0.679472761336,0.850254225869,0.111253554901,0.0021354216541,0.0370188159549,0.00360128878138
9,7.97159996033,0.056800031662,0.670020716808,0.846640978907,0.1,6,sqrt,1e-07,19,30,250,10,0.8,"{'subsample': 0.8, 'min_impurity_split': 1e-07, 'learning_rate': 0.1, 'min_samples_leaf': 19, 'n_estimators': 250, 'min_samples_split': 30, 'random_state': 10, 'max_features': 'sqrt', 'max_depth': 6}",13,0.660543572139,0.845869633566,0.717797686508,0.841287575081,0.686456263255,0.844783602724,0.605835516469,0.851009857296,0.679472761336,0.850254225869,0.0926446941251,0.00248199307364,0.0370188159549,0.00360128878138
10,7.87220001221,0.0538000106812,0.668626605558,0.847031489528,0.1,6,sqrt,1e-07,19,40,250,10,0.8,"{'subsample': 0.8, 'min_impurity_split': 1e-07, 'learning_rate': 0.1, 'min_samples_leaf': 19, 'n_estimators': 250, 'min_samples_split': 40, 'random_state': 10, 'max_features': 'sqrt', 'max_depth': 6}",17,0.656889704922,0.849442081343,0.710930858391,0.840971218942,0.684952067584,0.840256424725,0.602444283395,0.854413483347,0.687920636243,0.850074239284,0.13250871338,0.0019390150116,0.0372733769569,0.00551709152324
11,7.76980004311,0.0533999443054,0.672659482171,0.839871037627,0.1,6,sqrt,1e-07,19,50,250,10,0.8,"{'subsample': 0.8, 'min_impurity_split': 1e-07, 'learning_rate': 0.1, 'min_samples_leaf': 19, 'n_estimators': 250, 'min_samples_split': 50, 'random_state': 10, 'max_features': 'sqrt', 'max_depth': 6}",12,0.668051768782,0.841712213543,0.710971203249,0.834566621339,0.691125378164,0.832615604114,0.605833276681,0.849042262195,0.687319220394,0.841418486946,0.0809232219898,0.00185471781848,0.0360857668459,0.00584250007875
12,7.93959999084,0.0584000587463,0.673859371675,0.84375028857,0.1,6,sqrt,1e-07,21,2,250,10,0.8,"{'subsample': 0.8, 'min_impurity_split': 1e-07, 'learning_rate': 0.1, 'min_samples_leaf': 21, 'n_estimators': 250, 'min_samples_split': 2, 'random_state': 10, 'max_features': 'sqrt', 'max_depth': 6}",2,0.674209032722,0.842785150464,0.707887442811,0.839605491504,0.689809743732,0.836396321659,0.616668720498,0.852581383331,0.680723527651,0.847383095891,0.0850214279506,0.00162480730804,0.0307588823282,0.00571624329971
13,7.9678000927,0.055999994278,0.673859371675,0.84375028857,0.1,6,sqrt,1e-07,21,10,250,10,0.8,"{'subsample': 0.8, 'min_impurity_split': 1e-07, 'learning_rate': 0.1, 'min_samples_leaf': 21, 'n_estimators': 250, 'min_samples_split': 10, 'random_state': 10, 'max_features': 'sqrt', 'max_depth': 6}",2,0.674209032722,0.842785150464,0.707887442811,0.839605491504,0.689809743732,0.836396321659,0.616668720498,0.852581383331,0.680723527651,0.847383095891,0.12052456853,0.00167331276088,0.0307588823282,0.00571624329971
14,7.98820004463,0.0589999675751,0.673859371675,0.84375028857,0.1,6,sqrt,1e-07,21,20,250,10,0.8,"{'subsample': 0.8, 'min_impurity_split': 1e-07, 'learning_rate': 0.1, 'min_samples_leaf': 21, 'n_estimators': 250, 'min_samples_split': 20, 'random_state': 10, 'max_features': 'sqrt', 'max_depth': 6}",2,0.674209032722,0.842785150464,0.707887442811,0.839605491504,0.689809743732,0.836396321659,0.616668720498,0.852581383331,0.680723527651,0.847383095891,0.168560313519,0.00316224448911,0.0307588823282,0.00571624329971
15,7.93939995766,0.0572000026703,0.673859371675,0.84375028857,0.1,6,sqrt,1e-07,21,30,250,10,0.8,"{'subsample': 0.8, 'min_impurity_split': 1e-07, 'learning_rate': 0.1, 'min_samples_leaf': 21, 'n_estimators': 250, 'min_samples_split': 30, 'random_state': 10, 'max_features': 'sqrt', 'max_depth': 6}",2,0.674209032722,0.842785150464,0.707887442811,0.839605491504,0.689809743732,0.836396321659,0.616668720498,0.852581383331,0.680723527651,0.847383095891,0.07698209833,0.00159999132223,0.0307588823282,0.00571624329971
16,7.90300002098,0.0602000236511,0.673859371675,0.84375028857,0.1,6,sqrt,1e-07,21,40,250,10,0.8,"{'subsample': 0.8, 'min_impurity_split': 1e-07, 'learning_rate': 0.1, 'min_samples_leaf': 21, 'n_estimators': 250, 'min_samples_split': 40, 'random_state': 10, 'max_features': 'sqrt', 'max_depth': 6}",2,0.674209032722,0.842785150464,0.707887442811,0.839605491504,0.689809743732,0.836396321659,0.616668720498,0.852581383331,0.680723527651,0.847383095891,0.124995955501,0.00271290409736,0.0307588823282,0.00571624329971
17,7.39459996223,0.0484000205994,0.667900653268,0.838815679739,0.1,6,sqrt,1e-07,21,50,250,10,0.8,"{'subsample': 0.8, 'min_impurity_split': 1e-07, 'learning_rate': 0.1, 'min_samples_leaf': 21, 'n_estimators': 250, 'min_samples_split': 50, 'random_state': 10, 'max_features': 'sqrt', 'max_depth': 6}",19,0.662189217899,0.838520547298,0.711000767327,0.833834556354,0.683567306695,0.828384160114,0.604750624033,0.84877513944,0.677997717255,0.844563995487,0.181428336615,0.00538886203102,0.0352869075776,0.00729313741116
18,7.43919992447,0.0481999874115,0.666389845843,0.838316669888,0.1,6,sqrt,1e-07,23,2,250,10,0.8,"{'subsample': 0.8, 'min_impurity_split': 1e-07, 'learning_rate': 0.1, 'min_samples_leaf': 23, 'n_estimators': 250, 'min_samples_split': 2, 'random_state': 10, 'max_features': 'sqrt', 'max_depth': 6}",20,0.661327463472,0.84190325919,0.713029859961,0.832723564759,0.681066646014,0.830405346662,0.600830621652,0.848820405114,0.675696819778,0.837730773714,0.0968677567495,0.00435434742466,0.0368815869773,0.00659404596611
19,8.63200001717,0.0759999752045,0.666389845843,0.838316669888,0.1,6,sqrt,1e-07,23,10,250,10,0.8,"{'subsample': 0.8, 'min_impurity_split': 1e-07, 'learning_rate': 0.1, 'min_samples_leaf': 23, 'n_estimators': 250, 'min_samples_split': 10, 'random_state': 10, 'max_features': 'sqrt', 'max_depth': 6}",20,0.661327463472,0.84190325919,0.713029859961,0.832723564759,0.681066646014,0.830405346662,0.600830621652,0.848820405114,0.675696819778,0.837730773714,0.161645223902,0.00228039467939,0.0368815869773,0.00659404596611
20,7.95899996758,0.0570000171661,0.666389845843,0.838316669888,0.1,6,sqrt,1e-07,23,20,250,10,0.8,"{'subsample': 0.8, 'min_impurity_split': 1e-07, 'learning_rate': 0.1, 'min_samples_leaf': 23, 'n_estimators': 250, 'min_samples_split': 20, 'random_state': 10, 'max_features': 'sqrt', 'max_depth': 6}",20,0.661327463472,0.84190325919,0.713029859961,0.832723564759,0.681066646014,0.830405346662,0.600830621652,0.848820405114,0.675696819778,0.837730773714,0.409203563386,0.0105452042593,0.0368815869773,0.00659404596611
21,7.68939995766,0.0496000289917,0.666389845843,0.838316669888,0.1,6,sqrt,1e-07,23,30,250,10,0.8,"{'subsample': 0.8, 'min_impurity_split': 1e-07, 'learning_rate': 0.1, 'min_samples_leaf': 23, 'n_estimators': 250, 'min_samples_split': 30, 'random_state': 10, 'max_features': 'sqrt', 'max_depth': 6}",20,0.661327463472,0.84190325919,0.713029859961,0.832723564759,0.681066646014,0.830405346662,0.600830621652,0.848820405114,0.675696819778,0.837730773714,0.12520318682,0.00440910155837,0.0368815869773,0.00659404596611
22,7.4039999485,0.0452000141144,0.666389845843,0.838316669888,0.1,6,sqrt,1e-07,23,40,250,10,0.8,"{'subsample': 0.8, 'min_impurity_split': 1e-07, 'learning_rate': 0.1, 'min_samples_leaf': 23, 'n_estimators': 250, 'min_samples_split': 40, 'random_state': 10, 'max_features': 'sqrt', 'max_depth': 6}",20,0.661327463472,0.84190325919,0.713029859961,0.832723564759,0.681066646014,0.830405346662,0.600830621652,0.848820405114,0.675696819778,0.837730773714,0.308503487197,0.00146975603674,0.0368815869773,0.00659404596611
23,7.30160002708,0.0453999519348,0.66858952916,0.839040402267,0.1,6,sqrt,1e-07,23,50,250,10,0.8,"{'subsample': 0.8, 'min_impurity_split': 1e-07, 'learning_rate': 0.1, 'min_samples_leaf': 23, 'n_estimators': 250, 'min_samples_split': 50, 'random_state': 10, 'max_features': 'sqrt', 'max_depth': 6}",18,0.665490773181,0.841386209255,0.716117346563,0.831127501812,0.687171776301,0.8332400403,0.601111585278,0.850836085386,0.673057211754,0.838612174579,0.119483216475,0.000799989707423,0.0379140106138,0.00694381051275
24,7.39839997292,0.0452000617981,0.665836160977,0.83911019869,0.1,6,sqrt,1e-07,25,2,250,10,0.8,"{'subsample': 0.8, 'min_impurity_split': 1e-07, 'learning_rate': 0.1, 'min_samples_leaf': 25, 'n_estimators': 250, 'min_samples_split': 2, 'random_state': 10, 'max_features': 'sqrt', 'max_depth': 6}",25,0.661056781477,0.84349471471,0.704036714367,0.835247198445,0.679074280008,0.829857072859,0.603592130987,0.848142045048,0.681424552148,0.838809962389,0.163481636421,0.00193912813023,0.0339850070801,0.00634714864729
25,7.36959996223,0.0448000431061,0.665836160977,0.83911019869,0.1,6,sqrt,1e-07,25,10,250,10,0.8,"{'subsample': 0.8, 'min_impurity_split': 1e-07, 'learning_rate': 0.1, 'min_samples_leaf': 25, 'n_estimators': 250, 'min_samples_split': 10, 'random_state': 10, 'max_features': 'sqrt', 'max_depth': 6}",25,0.661056781477,0.84349471471,0.704036714367,0.835247198445,0.679074280008,0.829857072859,0.603592130987,0.848142045048,0.681424552148,0.838809962389,0.13091764234,0.00116617945515,0.0339850070801,0.00634714864729
26,7.40759997368,0.0460000038147,0.665836160977,0.83911019869,0.1,6,sqrt,1e-07,25,20,250,10,0.8,"{'subsample': 0.8, 'min_impurity_split': 1e-07, 'learning_rate': 0.1, 'min_samples_leaf': 25, 'n_estimators': 250, 'min_samples_split': 20, 'random_state': 10, 'max_features': 'sqrt', 'max_depth': 6}",25,0.661056781477,0.84349471471,0.704036714367,0.835247198445,0.679074280008,0.829857072859,0.603592130987,0.848142045048,0.681424552148,0.838809962389,0.114735565166,0.000632409692132,0.0339850070801,0.00634714864729
27,7.34959998131,0.0473999977112,0.665836160977,0.83911019869,0.1,6,sqrt,1e-07,25,30,250,10,0.8,"{'subsample': 0.8, 'min_impurity_split': 1e-07, 'learning_rate': 0.1, 'min_samples_leaf': 25, 'n_estimators': 250, 'min_samples_split': 30, 'random_state': 10, 'max_features': 'sqrt', 'max_depth': 6}",25,0.661056781477,0.84349471471,0.704036714367,0.835247198445,0.679074280008,0.829857072859,0.603592130987,0.848142045048,0.681424552148,0.838809962389,0.107774973241,0.0013564450202,0.0339850070801,0.00634714864729
28,7.3476000309,0.046799993515,0.665836160977,0.83911019869,0.1,6,sqrt,1e-07,25,40,250,10,0.8,"{'subsample': 0.8, 'min_impurity_split': 1e-07, 'learning_rate': 0.1, 'min_samples_leaf': 25, 'n_estimators': 250, 'min_samples_split': 40, 'random_state': 10, 'max_features': 'sqrt', 'max_depth': 6}",25,0.661056781477,0.84349471471,0.704036714367,0.835247198445,0.679074280008,0.829857072859,0.603592130987,0.848142045048,0.681424552148,0.838809962389,0.117372258349,0.00074828998883,0.0339850070801,0.00634714864729
29,7.34640002251,0.0461999893188,0.665836160977,0.83911019869,0.1,6,sqrt,1e-07,25,50,250,10,0.8,"{'subsample': 0.8, 'min_impurity_split': 1e-07, 'learning_rate': 0.1, 'min_samples_leaf': 25, 'n_estimators': 250, 'min_samples_split': 50, 'random_state': 10, 'max_features': 'sqrt', 'max_depth': 6}",25,0.661056781477,0.84349471471,0.704036714367,0.835247198445,0.679074280008,0.829857072859,0.603592130987,0.848142045048,0.681424552148,0.838809962389,0.154863307051,0.00146971710401,0.0339850070801,0.00634714864729
0,7.40519990921,0.0513999938965,0.673882138765,0.846850385554,0.1,6,sqrt,1e-07,9,50,250,10,0.8,"{'subsample': 0.8, 'min_impurity_split': 1e-07, 'learning_rate': 0.1, 'min_samples_leaf': 9, 'n_estimators': 250, 'min_samples_split': 50, 'random_state': 10, 'max_features': 'sqrt', 'max_depth': 6}",2,0.669819031777,0.849696884447,0.718181897578,0.842926729445,0.68206418159,0.841404482723,0.608323307257,0.852577762694,0.691026294414,0.84764606846,0.109159351978,0.00621603958406,0.0364363776026,0.00416152498614
1,7.09320001602,0.0468000411987,0.671357138807,0.842204943909,0.1,6,sqrt,1e-07,9,60,250,10,0.8,"{'subsample': 0.8, 'min_impurity_split': 1e-07, 'learning_rate': 0.1, 'min_samples_leaf': 9, 'n_estimators': 250, 'min_samples_split': 60, 'random_state': 10, 'max_features': 'sqrt', 'max_depth': 6}",10,0.672313524554,0.843673285956,0.71405851036,0.83817268382,0.671616620943,0.836561547364,0.612471131367,0.847416766347,0.686329416486,0.845200436058,0.100226592704,0.00365509545112,0.0332154367082,0.00415690126656
2,7.01599998474,0.0444000244141,0.671882324476,0.836966916373,0.1,6,sqrt,1e-07,9,70,250,10,0.8,"{'subsample': 0.8, 'min_impurity_split': 1e-07, 'learning_rate': 0.1, 'min_samples_leaf': 9, 'n_estimators': 250, 'min_samples_split': 70, 'random_state': 10, 'max_features': 'sqrt', 'max_depth': 6}",9,0.672153293766,0.840444911679,0.712730771194,0.829622123676,0.684342450607,0.830120602066,0.604598275278,0.84283398058,0.685590044786,0.841812963865,0.119450461225,0.00120002428743,0.0361641567508,0.00584501615765
3,6.92799992561,0.0426000118256,0.671036443998,0.83299689538,0.1,6,sqrt,1e-07,9,80,250,10,0.8,"{'subsample': 0.8, 'min_impurity_split': 1e-07, 'learning_rate': 0.1, 'min_samples_leaf': 9, 'n_estimators': 250, 'min_samples_split': 80, 'random_state': 10, 'max_features': 'sqrt', 'max_depth': 6}",14,0.662298366478,0.83627761123,0.707607862751,0.824241262504,0.684221391127,0.831855444319,0.617082470756,0.836400878325,0.683975161861,0.836209280522,0.102892231752,0.00101987026279,0.0305492607803,0.00470390544685
4,6.84120001793,0.0442000865936,0.669259900887,0.827420480678,0.1,6,sqrt,1e-07,9,90,250,10,0.8,"{'subsample': 0.8, 'min_impurity_split': 1e-07, 'learning_rate': 0.1, 'min_samples_leaf': 9, 'n_estimators': 250, 'min_samples_split': 90, 'random_state': 10, 'max_features': 'sqrt', 'max_depth': 6}",23,0.662126248355,0.830386819138,0.714612755665,0.818196791651,0.681681996143,0.82822927218,0.603686182338,0.833230963091,0.68419582309,0.827058557329,0.0942282048078,0.000748353705077,0.0368384012722,0.00506798660612
5,7.62020001411,0.0526000499725,0.673139396488,0.844983757573,0.1,6,sqrt,1e-07,11,50,250,10,0.8,"{'subsample': 0.8, 'min_impurity_split': 1e-07, 'learning_rate': 0.1, 'min_samples_leaf': 11, 'n_estimators': 250, 'min_samples_split': 50, 'random_state': 10, 'max_features': 'sqrt', 'max_depth': 6}",4,0.659555295868,0.848514042662,0.727849532006,0.839229842693,0.680462535091,0.839780093546,0.614880990002,0.851400933499,0.682950929408,0.845993875467,0.152850751352,0.006085972051,0.036665939935,0.00479268303928
6,7.29000005722,0.0497999668121,0.671117735034,0.838896101373,0.1,6,sqrt,1e-07,11,60,250,10,0.8,"{'subsample': 0.8, 'min_impurity_split': 1e-07, 'learning_rate': 0.1, 'min_samples_leaf': 11, 'n_estimators': 250, 'min_samples_split': 60, 'random_state': 10, 'max_features': 'sqrt', 'max_depth': 6}",12,0.660787192423,0.842756282951,0.70780995042,0.83570408663,0.678211666368,0.833371155201,0.612833574,0.841174938419,0.695952113424,0.841474043665,0.117140945049,0.00278566404543,0.0332182675937,0.00367297903279
7,7.29799995422,0.0500000476837,0.672516954004,0.835006219479,0.1,6,sqrt,1e-07,11,70,250,10,0.8,"{'subsample': 0.8, 'min_impurity_split': 1e-07, 'learning_rate': 0.1, 'min_samples_leaf': 11, 'n_estimators': 250, 'min_samples_split': 70, 'random_state': 10, 'max_features': 'sqrt', 'max_depth': 6}",7,0.662656963826,0.838382951597,0.720438471971,0.825839876544,0.676708023399,0.830786861081,0.610583905931,0.842559774781,0.692202019304,0.837461633392,0.0926239409228,0.00400002002823,0.0364271349603,0.00593822200797
8,7.23060002327,0.0496000289917,0.671080847246,0.832372060225,0.1,6,sqrt,1e-07,11,80,250,10,0.8,"{'subsample': 0.8, 'min_impurity_split': 1e-07, 'learning_rate': 0.1, 'min_samples_leaf': 11, 'n_estimators': 250, 'min_samples_split': 80, 'random_state': 10, 'max_features': 'sqrt', 'max_depth': 6}",13,0.667457462376,0.831672758553,0.718090735795,0.825203314797,0.682205087701,0.831784675536,0.605988785907,0.838938885084,0.681664645419,0.834260667154,0.0804750795457,0.00257686244015,0.0365953225651,0.00444780798771
9,7.11399998665,0.0487999916077,0.672535033366,0.827129988395,0.1,6,sqrt,1e-07,11,90,250,10,0.8,"{'subsample': 0.8, 'min_impurity_split': 1e-07, 'learning_rate': 0.1, 'min_samples_leaf': 11, 'n_estimators': 250, 'min_samples_split': 90, 'random_state': 10, 'max_features': 'sqrt', 'max_depth': 6}",6,0.668525475893,0.832742729617,0.718924742212,0.820309394289,0.680575682528,0.824981322807,0.601730183032,0.831714567641,0.692923862544,0.825901927622,0.108751103903,0.00278564350335,0.0391459490386,0.00458621046003
10,7.49159994125,0.0514000415802,0.671121591819,0.844303134207,0.1,6,sqrt,1e-07,13,50,250,10,0.8,"{'subsample': 0.8, 'min_impurity_split': 1e-07, 'learning_rate': 0.1, 'min_samples_leaf': 13, 'n_estimators': 250, 'min_samples_split': 50, 'random_state': 10, 'max_features': 'sqrt', 'max_depth': 6}",11,0.67137691281,0.843306939744,0.716712026771,0.843363891002,0.67938375646,0.836029264151,0.607576913196,0.849718537689,0.680560562461,0.849097038449,0.13927038112,0.00195960550078,0.0354234665744,0.00495256740818
11,7.38460006714,0.0511999607086,0.670254947391,0.836537320243,0.1,6,sqrt,1e-07,13,60,250,10,0.8,"{'subsample': 0.8, 'min_impurity_split': 1e-07, 'learning_rate': 0.1, 'min_samples_leaf': 13, 'n_estimators': 250, 'min_samples_split': 60, 'random_state': 10, 'max_features': 'sqrt', 'max_depth': 6}",19,0.674549816243,0.838366261867,0.717154074863,0.832220337987,0.675787486075,0.827110529491,0.601540323024,0.844406199027,0.682245847556,0.840583272843,0.129789956405,0.00213536359556,0.037720986633,0.00615036149995
12,7.29660000801,0.0490000247955,0.67268867642,0.835603636841,0.1,6,sqrt,1e-07,13,70,250,10,0.8,"{'subsample': 0.8, 'min_impurity_split': 1e-07, 'learning_rate': 0.1, 'min_samples_leaf': 13, 'n_estimators': 250, 'min_samples_split': 70, 'random_state': 10, 'max_features': 'sqrt', 'max_depth': 6}",5,0.666273426166,0.833862048068,0.714276330272,0.828547762671,0.687521840339,0.831819636553,0.604870402591,0.844800145696,0.690505559215,0.838988591219,0.095046519425,0.00282840757057,0.0371691273943,0.00571263233916
13,7.22179999352,0.0492000579834,0.67084915954,0.829193597464,0.1,6,sqrt,1e-07,13,80,250,10,0.8,"{'subsample': 0.8, 'min_impurity_split': 1e-07, 'learning_rate': 0.1, 'min_samples_leaf': 13, 'n_estimators': 250, 'min_samples_split': 80, 'random_state': 10, 'max_features': 'sqrt', 'max_depth': 6}",16,0.665418723838,0.831395021515,0.719819092126,0.826915745125,0.687329585954,0.823085660864,0.601825426786,0.837822136272,0.679855080088,0.826749423542,0.0446650424153,0.00116613856857,0.0388455026506,0.00505504573211
14,7.19140000343,0.0509999752045,0.669043111648,0.826064219692,0.1,6,sqrt,1e-07,13,90,250,10,0.8,"{'subsample': 0.8, 'min_impurity_split': 1e-07, 'learning_rate': 0.1, 'min_samples_leaf': 13, 'n_estimators': 250, 'min_samples_split': 90, 'random_state': 10, 'max_features': 'sqrt', 'max_depth': 6}",24,0.670408967924,0.82979738566,0.701048206197,0.817996750578,0.682660291217,0.820658476213,0.599345322242,0.834154380002,0.691758095313,0.827714106007,0.110704346931,0.00244948740793,0.0362920358968,0.00593995736195
15,7.53419995308,0.0496000289917,0.672054719487,0.842840726253,0.1,6,sqrt,1e-07,15,50,250,10,0.8,"{'subsample': 0.8, 'min_impurity_split': 1e-07, 'learning_rate': 0.1, 'min_samples_leaf': 15, 'n_estimators': 250, 'min_samples_split': 50, 'random_state': 10, 'max_features': 'sqrt', 'max_depth': 6}",8,0.664747987651,0.849212028356,0.716535314525,0.837600487407,0.680152071765,0.835537378678,0.608171121238,0.847983064932,0.69067146624,0.843870671888,0.0848278195777,0.00241658005718,0.0361258933363,0.00545704891943
16,7.40619997978,0.0510000228882,0.667364303553,0.83467936892,0.1,6,sqrt,1e-07,15,60,250,10,0.8,"{'subsample': 0.8, 'min_impurity_split': 1e-07, 'learning_rate': 0.1, 'min_samples_leaf': 15, 'n_estimators': 250, 'min_samples_split': 60, 'random_state': 10, 'max_features': 'sqrt', 'max_depth': 6}",25,0.669402279784,0.838246725999,0.711975818732,0.828032568921,0.67903174905,0.830940130486,0.600670702607,0.840286612808,0.675742931639,0.835890806387,0.11627280493,0.00303310326766,0.0364664311348,0.00455624089754
17,7.1789999485,0.0484000682831,0.669578474456,0.83250982567,0.1,6,sqrt,1e-07,15,70,250,10,0.8,"{'subsample': 0.8, 'min_impurity_split': 1e-07, 'learning_rate': 0.1, 'min_samples_leaf': 15, 'n_estimators': 250, 'min_samples_split': 70, 'random_state': 10, 'max_features': 'sqrt', 'max_depth': 6}",22,0.664803928507,0.836636823578,0.717232944757,0.826803245007,0.688971530615,0.826403258314,0.593882999161,0.837334729502,0.683004116367,0.835371071949,0.174723858106,0.00407917712017,0.0414252297675,0.00486525984358
18,7.28579998016,0.0481999874115,0.671022422992,0.826361543054,0.1,6,sqrt,1e-07,15,80,250,10,0.8,"{'subsample': 0.8, 'min_impurity_split': 1e-07, 'learning_rate': 0.1, 'min_samples_leaf': 15, 'n_estimators': 250, 'min_samples_split': 80, 'random_state': 10, 'max_features': 'sqrt', 'max_depth': 6}",15,0.66227395116,0.828067563854,0.715350197161,0.821362186174,0.683836058968,0.818223132708,0.606584806373,0.837413935218,0.687070863238,0.826740897317,0.100870888491,0.000400018706227,0.0363749508438,0.00657931731025
19,7.12759990692,0.0493999958038,0.670168696335,0.82143663386,0.1,6,sqrt,1e-07,15,90,250,10,0.8,"{'subsample': 0.8, 'min_impurity_split': 1e-07, 'learning_rate': 0.1, 'min_samples_leaf': 15, 'n_estimators': 250, 'min_samples_split': 90, 'random_state': 10, 'max_features': 'sqrt', 'max_depth': 6}",20,0.674142929058,0.825350088787,0.712972617248,0.818531563344,0.68184900179,0.813674742837,0.604205614188,0.827113234738,0.677675078975,0.822513539592,0.0920230846767,0.00149668191997,0.0357551679192,0.00484530783143
20,7.54940009117,0.050800037384,0.67447545916,0.841928167998,0.1,6,sqrt,1e-07,17,50,250,10,0.8,"{'subsample': 0.8, 'min_impurity_split': 1e-07, 'learning_rate': 0.1, 'min_samples_leaf': 17, 'n_estimators': 250, 'min_samples_split': 50, 'random_state': 10, 'max_features': 'sqrt', 'max_depth': 6}",1,0.682563179596,0.843263150786,0.707417363616,0.835454948742,0.689108553785,0.838722996628,0.607235850031,0.849473309305,0.686055063167,0.84272643453,0.049536235264,0.00278565719727,0.0346993107252,0.00472280122146
21,7.51419997215,0.0504000663757,0.670429252242,0.837311066958,0.1,6,sqrt,1e-07,17,60,250,10,0.8,"{'subsample': 0.8, 'min_impurity_split': 1e-07, 'learning_rate': 0.1, 'min_samples_leaf': 17, 'n_estimators': 250, 'min_samples_split': 60, 'random_state': 10, 'max_features': 'sqrt', 'max_depth': 6}",18,0.670275098231,0.841704450515,0.706301338734,0.829403482296,0.683539928276,0.832469725648,0.608924845866,0.843689671185,0.683108022152,0.839288005148,0.165465940397,0.0025768143278,0.0328708959044,0.0054747634914
22,7.1998000145,0.0481999397278,0.670524619243,0.831743446023,0.1,6,sqrt,1e-07,17,70,250,10,0.8,"{'subsample': 0.8, 'min_impurity_split': 1e-07, 'learning_rate': 0.1, 'min_samples_leaf': 17, 'n_estimators': 250, 'min_samples_split': 70, 'random_state': 10, 'max_features': 'sqrt', 'max_depth': 6}",17,0.664392453178,0.836104263165,0.720504962294,0.824712973897,0.684274648807,0.825165312874,0.604139213363,0.837278937874,0.679313878878,0.835455742304,0.197445087557,0.00299334153441,0.0379718172961,0.00558818242172
23,7.26539998055,0.0494000911713,0.673322586323,0.827403008119,0.1,6,sqrt,1e-07,17,80,250,10,0.8,"{'subsample': 0.8, 'min_impurity_split': 1e-07, 'learning_rate': 0.1, 'min_samples_leaf': 17, 'n_estimators': 250, 'min_samples_split': 80, 'random_state': 10, 'max_features': 'sqrt', 'max_depth': 6}",3,0.65807564116,0.827470620442,0.719604841132,0.819561549252,0.692117934701,0.819974593633,0.613286974057,0.839421023972,0.683529933287,0.830587253296,0.0795602792828,0.00101983285661,0.0358790289047,0.00736541258525
24,7.14899997711,0.0489999771118,0.669710179711,0.820707273389,0.1,6,sqrt,1e-07,17,90,250,10,0.8,"{'subsample': 0.8, 'min_impurity_split': 1e-07, 'learning_rate': 0.1, 'min_samples_leaf': 17, 'n_estimators': 250, 'min_samples_split': 90, 'random_state': 10, 'max_features': 'sqrt', 'max_depth': 6}",21,0.671848236308,0.823934958266,0.70682804229,0.809469272566,0.675325261587,0.814896134262,0.603742709307,0.828502855583,0.69081159548,0.826733146267,0.261545389623,0.00363317958611,0.0352448573884,0.0073152196935
0,7.0492000103,0.0478000164032,0.664528281584,0.825399215652,0.1,6,sqrt,1e-07,17,50,250,10,0.6,"{'subsample': 0.6, 'min_impurity_split': 1e-07, 'learning_rate': 0.1, 'min_samples_leaf': 17, 'n_estimators': 250, 'min_samples_split': 50, 'random_state': 10, 'max_features': 'sqrt', 'max_depth': 6}",5,0.662580057052,0.826049257083,0.708505343649,0.819407056964,0.665836024522,0.822540080411,0.604644640445,0.834940970571,0.681079221982,0.82405871323,0.152601883798,0.00376288981529,0.0340578318498,0.00524109163451
1,6.85519995689,0.0461999893188,0.663439430049,0.827585484431,0.1,6,sqrt,1e-07,17,50,250,10,0.65,"{'subsample': 0.65, 'min_impurity_split': 1e-07, 'learning_rate': 0.1, 'min_samples_leaf': 17, 'n_estimators': 250, 'min_samples_split': 50, 'random_state': 10, 'max_features': 'sqrt', 'max_depth': 6}",7,0.651615337759,0.828185161713,0.716059442815,0.821314835623,0.668735710193,0.819826063738,0.599239502031,0.835088195363,0.681551403107,0.833513165718,0.131371876504,0.00146971710401,0.0384361007854,0.00618574709419
2,7.1021999836,0.0458000659943,0.663836467375,0.833239938177,0.1,6,sqrt,1e-07,17,50,250,10,0.7,"{'subsample': 0.7, 'min_impurity_split': 1e-07, 'learning_rate': 0.1, 'min_samples_leaf': 17, 'n_estimators': 250, 'min_samples_split': 50, 'random_state': 10, 'max_features': 'sqrt', 'max_depth': 6}",6,0.663364913882,0.83819021745,0.703237870779,0.826841416305,0.674766416287,0.824359925858,0.604740107139,0.841912431453,0.673075194452,0.834895699817,0.145709852381,0.00132663283712,0.032404063748,0.00666715309618
3,7.17940006256,0.0470000267029,0.671165678104,0.836478644525,0.1,6,sqrt,1e-07,17,50,250,10,0.75,"{'subsample': 0.75, 'min_impurity_split': 1e-07, 'learning_rate': 0.1, 'min_samples_leaf': 17, 'n_estimators': 250, 'min_samples_split': 50, 'random_state': 10, 'max_features': 'sqrt', 'max_depth': 6}",3,0.672565607656,0.838085985093,0.721265330322,0.831952710473,0.672639151233,0.831763367949,0.601161683882,0.843767870454,0.688200610612,0.836823288657,0.121907587284,0.00167328426339,0.0392559483962,0.0044396632792
4,7.28040003777,0.0439999580383,0.67447545916,0.841928167998,0.1,6,sqrt,1e-07,17,50,250,10,0.8,"{'subsample': 0.8, 'min_impurity_split': 1e-07, 'learning_rate': 0.1, 'min_samples_leaf': 17, 'n_estimators': 250, 'min_samples_split': 50, 'random_state': 10, 'max_features': 'sqrt', 'max_depth': 6}",1,0.682563179596,0.843263150786,0.707417363616,0.835454948742,0.689108553785,0.838722996628,0.607235850031,0.849473309305,0.686055063167,0.84272643453,0.0681574375486,0.00109545277682,0.0346993107252,0.00472280122146
5,7.36020007133,0.0456000328064,0.670802110944,0.84450172111,0.1,6,sqrt,1e-07,17,50,250,10,0.85,"{'subsample': 0.85, 'min_impurity_split': 1e-07, 'learning_rate': 0.1, 'min_samples_leaf': 17, 'n_estimators': 250, 'min_samples_split': 50, 'random_state': 10, 'max_features': 'sqrt', 'max_depth': 6}",4,0.674448294143,0.848200108638,0.71158479078,0.83694441335,0.681553369373,0.836504102135,0.605839020572,0.852389644546,0.68058737363,0.848470336879,0.197027328605,0.000799942016602,0.0349523377996,0.00652260879413
6,7.36659998894,0.0448000907898,0.673030079704,0.847184723437,0.1,6,sqrt,1e-07,17,50,250,10,0.9,"{'subsample': 0.9, 'min_impurity_split': 1e-07, 'learning_rate': 0.1, 'min_samples_leaf': 17, 'n_estimators': 250, 'min_samples_split': 50, 'random_state': 10, 'max_features': 'sqrt', 'max_depth': 6}",2,0.672136398585,0.850863072126,0.71494655964,0.841289922265,0.680148542226,0.83758040592,0.619064434133,0.856407073997,0.678855829562,0.849783142879,0.113120476251,0.00132669753415,0.0308379885642,0.0068165295913
0,1.99100003242,0.0164000034332,0.636643523035,0.722320191577,0.1,6,sqrt,1e-07,17,50,50,10,0.8,"{'subsample': 0.8, 'min_impurity_split': 1e-07, 'learning_rate': 0.1, 'min_samples_leaf': 17, 'n_estimators': 50, 'min_samples_split': 50, 'random_state': 10, 'max_features': 'sqrt', 'max_depth': 6}",5,0.639993398083,0.725619897135,0.65448874843,0.71380988382,0.646186885835,0.713405360234,0.588074444819,0.737642422267,0.654478318691,0.721123394426,0.0374273198472,0.0010197299881,0.0248911850806,0.00893298034806
1,3.34259996414,0.025,0.662144611522,0.7757892465,0.1,6,sqrt,1e-07,17,50,100,10,0.8,"{'subsample': 0.8, 'min_impurity_split': 1e-07, 'learning_rate': 0.1, 'min_samples_leaf': 17, 'n_estimators': 100, 'min_samples_split': 50, 'random_state': 10, 'max_features': 'sqrt', 'max_depth': 6}",4,0.67223880558,0.77727066174,0.692677736078,0.769398535405,0.670991484532,0.770240356545,0.601707798783,0.788189374829,0.673109803004,0.773847303983,0.0391846338538,0.00126489478198,0.0312585227644,0.00680235668682
2,4.74699993134,0.0360000133514,0.669346296911,0.803742023598,0.1,6,sqrt,1e-07,17,50,150,10,0.8,"{'subsample': 0.8, 'min_impurity_split': 1e-07, 'learning_rate': 0.1, 'min_samples_leaf': 17, 'n_estimators': 150, 'min_samples_split': 50, 'random_state': 10, 'max_features': 'sqrt', 'max_depth': 6}",3,0.679805583027,0.806857095584,0.701933098721,0.795029218593,0.683518156454,0.799841160168,0.60323233286,0.814783046417,0.678244399314,0.802199597226,0.122471254288,0.00456069526085,0.0341251368007,0.00670994253401
3,6.09979996681,0.040399980545,0.672681952446,0.824663809407,0.1,6,sqrt,1e-07,17,50,200,10,0.8,"{'subsample': 0.8, 'min_impurity_split': 1e-07, 'learning_rate': 0.1, 'min_samples_leaf': 17, 'n_estimators': 200, 'min_samples_split': 50, 'random_state': 10, 'max_features': 'sqrt', 'max_depth': 6}",2,0.681348552116,0.826669456311,0.705093705465,0.8165608773,0.687840651407,0.821820829159,0.606342362062,0.83257540931,0.682786859887,0.825692474958,0.172006343059,0.00149660545591,0.0342307434312,0.00531816191485
4,7.54300003052,0.0507999420166,0.67447545916,0.841928167998,0.1,6,sqrt,1e-07,17,50,250,10,0.8,"{'subsample': 0.8, 'min_impurity_split': 1e-07, 'learning_rate': 0.1, 'min_samples_leaf': 17, 'n_estimators': 250, 'min_samples_split': 50, 'random_state': 10, 'max_features': 'sqrt', 'max_depth': 6}",1,0.682563179596,0.843263150786,0.707417363616,0.835454948742,0.689108553785,0.838722996628,0.607235850031,0.849473309305,0.686055063167,0.84272643453,0.0531074696921,0.006523784364,0.0346993107252,0.00472280122146
0,71.1388000011,0.404600000381,0.68256142332,0.846171725991,0.01,6,sqrt,1e-07,17,50,2500,10,0.8,"{'subsample': 0.8, 'min_impurity_split': 1e-07, 'learning_rate': 0.01, 'min_samples_leaf': 17, 'n_estimators': 2500, 'min_samples_split': 50, 'random_state': 10, 'max_features': 'sqrt', 'max_depth': 6}",1,0.681161613001,0.850663834743,0.718953969064,0.839411533438,0.692704774959,0.840110572178,0.619707733685,0.852273549933,0.700283180076,0.848399139661,2.19420173638,0.0208288686761,0.0337464212438,0.00538164393116
0,153.481599998,1.14619998932,0.683890121469,0.847009700012,0.005,6,sqrt,1e-07,17,50,5000,10,0.8,"{'subsample': 0.8, 'min_impurity_split': 1e-07, 'learning_rate': 0.005, 'min_samples_leaf': 17, 'n_estimators': 5000, 'min_samples_split': 50, 'random_state': 10, 'max_features': 'sqrt', 'max_depth': 6}",1,0.678978791616,0.850166430794,0.724736194817,0.84239219286,0.69618826792,0.841045945765,0.620520320822,0.854180532391,0.69903058127,0.847263398249,2.21664472811,0.156530405699,0.0348968885773,0.00486493342307
0,77.4846000195,0.515199947357,0.68256142332,0.846171725991,0.01,6,sqrt,1e-07,17,50,2500,10,0.8,"{'subsample': 0.8, 'min_impurity_split': 1e-07, 'learning_rate': 0.01, 'min_samples_leaf': 17, 'n_estimators': 2500, 'min_samples_split': 50, 'random_state': 10, 'max_features': 'sqrt', 'max_depth': 6}",1,0.681161613001,0.850663834743,0.718953969064,0.839411533438,0.692704774959,0.840110572178,0.619707733685,0.852273549933,0.700283180076,0.848399139661,2.07382677704,0.0272278878438,0.0337464212438,0.00538164393116
1,81.4638000011,0.582800006866,0.674938246619,0.797847979995,0.005,6,sqrt,1e-07,17,50,2500,10,0.8,"{'subsample': 0.8, 'min_impurity_split': 1e-07, 'learning_rate': 0.005, 'min_samples_leaf': 17, 'n_estimators': 2500, 'min_samples_split': 50, 'random_state': 10, 'max_features': 'sqrt', 'max_depth': 6}",2,0.670006114027,0.801893079282,0.712867828346,0.790394614323,0.684497100368,0.791552510409,0.61509515654,0.808312766674,0.692229086991,0.797086929286,1.17216541848,0.0187339079671,0.0329687854998,0.0066579183504
