,mean_fit_time,mean_score_time,mean_test_score,mean_train_score,param_colsample_bytree,param_gamma,param_learning_rate,param_max_depth,param_reg_alpha,param_reg_lambda,param_subsample,params,rank_test_score,split0_test_score,split0_train_score,split1_test_score,split1_train_score,split2_test_score,split2_train_score,split3_test_score,split3_train_score,split4_test_score,split4_train_score,std_fit_time,std_score_time,std_test_score,std_train_score
0,26.8583999634,0.0620000362396,0.656412014521,0.787552031636,0.8,0,0.1,3,0,0,0.8,"{'reg_alpha': 0, 'colsample_bytree': 0.8, 'learning_rate': 0.1, 'subsample': 0.8, 'reg_lambda': 0, 'max_depth': 3, 'gamma': 0}",3,0.662695780817,0.790203576864,0.708261397869,0.780586208387,0.675586152458,0.784735078489,0.590715444848,0.790803343573,0.644798574286,0.791431950865,0.441058095671,0.00260761996164,0.0388502903244,0.00422169191686
1,43.461400032,0.0854000091553,0.680974891015,0.870487720611,0.8,0,0.1,5,0,0,0.8,"{'reg_alpha': 0, 'colsample_bytree': 0.8, 'learning_rate': 0.1, 'subsample': 0.8, 'reg_lambda': 0, 'max_depth': 5, 'gamma': 0}",1,0.692940295147,0.869712633761,0.724745461651,0.867776007629,0.685835967158,0.866043292941,0.619228869684,0.875771618645,0.68212413083,0.873135050077,1.00535805343,0.00233235481879,0.0343419040273,0.00353935067375
2,59.3396000385,0.110399961472,0.660457846135,0.934656478145,0.8,0,0.1,7,0,0,0.8,"{'reg_alpha': 0, 'colsample_bytree': 0.8, 'learning_rate': 0.1, 'subsample': 0.8, 'reg_lambda': 0, 'max_depth': 7, 'gamma': 0}",2,0.685776514096,0.93517781542,0.707655896728,0.934271657754,0.637287745092,0.93273724876,0.610215939081,0.935233915714,0.661353345595,0.935861753076,0.660952785713,0.0017435207224,0.0344408870917,0.00108530571952
3,77.8955999851,0.141400003433,0.645020849288,0.974136529859,0.8,0,0.1,9,0,0,0.8,"{'reg_alpha': 0, 'colsample_bytree': 0.8, 'learning_rate': 0.1, 'subsample': 0.8, 'reg_lambda': 0, 'max_depth': 9, 'gamma': 0}",4,0.645541003955,0.973757620674,0.717078698184,0.973761923498,0.611027414152,0.973648350434,0.600293605147,0.973262633179,0.651164965252,0.976252121508,1.0877155477,0.00287054791638,0.0409556312481,0.0010734658525
0,20.0383999825,0.0590000629425,0.672684566357,0.802445111743,0.8,0,0.1,4,0,0,0.8,"{'reg_alpha': 0, 'colsample_bytree': 0.8, 'learning_rate': 0.1, 'subsample': 0.8, 'reg_lambda': 0, 'max_depth': 4, 'gamma': 0}",3,0.675877785432,0.801630870751,0.720427217373,0.798499066562,0.694818018193,0.800289784612,0.605601601493,0.805941569195,0.666696805693,0.805864267594,0.355506806209,0.00309839295623,0.038251167544,0.00299317682265
1,24.6651998997,0.0648000717163,0.678352834182,0.84228555461,0.8,0,0.1,5,0,0,0.8,"{'reg_alpha': 0, 'colsample_bytree': 0.8, 'learning_rate': 0.1, 'subsample': 0.8, 'reg_lambda': 0, 'max_depth': 5, 'gamma': 0}",1,0.69269834758,0.841532873115,0.724047498138,0.838541146396,0.678172615956,0.838748945087,0.618598066423,0.845640902742,0.678247618148,0.84696390571,0.201461079006,0.000979724882243,0.0342483483925,0.00347102461331
2,32.8693999767,0.08140001297,0.67328184063,0.877362895575,0.8,0,0.1,6,0,0,0.8,"{'reg_alpha': 0, 'colsample_bytree': 0.8, 'learning_rate': 0.1, 'subsample': 0.8, 'reg_lambda': 0, 'max_depth': 6, 'gamma': 0}",2,0.678791777509,0.877472652015,0.723919745443,0.875951628345,0.675936065617,0.875946845162,0.620117210203,0.878108559305,0.667643082588,0.879334793049,0.771334173859,0.00500397304709,0.0330457978245,0.00130025493574
0,26.1038000107,0.0671999454498,0.678352834182,0.84228555461,0.8,0.0,0.1,5,0,0,0.8,"{'reg_alpha': 0, 'colsample_bytree': 0.8, 'learning_rate': 0.1, 'subsample': 0.8, 'reg_lambda': 0, 'max_depth': 5, 'gamma': 0.0}",1,0.69269834758,0.841532873115,0.724047498138,0.838541146396,0.678172615956,0.838748945087,0.618598066423,0.845640902742,0.678247618148,0.84696390571,0.526046838206,0.00248192390948,0.0342483483925,0.00347102461331
1,26.4730000019,0.0699999332428,0.678352834182,0.84228555461,0.8,0.1,0.1,5,0,0,0.8,"{'reg_alpha': 0, 'colsample_bytree': 0.8, 'learning_rate': 0.1, 'subsample': 0.8, 'reg_lambda': 0, 'max_depth': 5, 'gamma': 0.1}",1,0.69269834758,0.841532873115,0.724047498138,0.838541146396,0.678172615956,0.838748945087,0.618598066423,0.845640902742,0.678247618148,0.84696390571,0.0586480907719,0.00456073708156,0.0342483483925,0.00347102461331
2,26.3774000168,0.070599937439,0.678352834182,0.84228555461,0.8,0.2,0.1,5,0,0,0.8,"{'reg_alpha': 0, 'colsample_bytree': 0.8, 'learning_rate': 0.1, 'subsample': 0.8, 'reg_lambda': 0, 'max_depth': 5, 'gamma': 0.2}",1,0.69269834758,0.841532873115,0.724047498138,0.838541146396,0.678172615956,0.838748945087,0.618598066423,0.845640902742,0.678247618148,0.84696390571,0.108082647949,0.00293934335953,0.0342483483925,0.00347102461331
3,26.5252000332,0.071799993515,0.678352834182,0.84228555461,0.8,0.3,0.1,5,0,0,0.8,"{'reg_alpha': 0, 'colsample_bytree': 0.8, 'learning_rate': 0.1, 'subsample': 0.8, 'reg_lambda': 0, 'max_depth': 5, 'gamma': 0.3}",1,0.69269834758,0.841532873115,0.724047498138,0.838541146396,0.678172615956,0.838748945087,0.618598066423,0.845640902742,0.678247618148,0.84696390571,0.539201442409,0.00248190469839,0.0342483483925,0.00347102461331
4,27.309400034,0.0719999790192,0.678352834182,0.84228555461,0.8,0.4,0.1,5,0,0,0.8,"{'reg_alpha': 0, 'colsample_bytree': 0.8, 'learning_rate': 0.1, 'subsample': 0.8, 'reg_lambda': 0, 'max_depth': 5, 'gamma': 0.4}",1,0.69269834758,0.841532873115,0.724047498138,0.838541146396,0.678172615956,0.838748945087,0.618598066423,0.845640902742,0.678247618148,0.84696390571,0.502491179426,0.00109545277682,0.0342483483925,0.00347102461331
0,20.606799984,0.0664000034332,0.662744560271,0.83083336499,0.6,0,0.1,5,0,0,0.6,"{'reg_alpha': 0, 'colsample_bytree': 0.6, 'learning_rate': 0.1, 'subsample': 0.6, 'reg_lambda': 0, 'max_depth': 5, 'gamma': 0}",14,0.669944125554,0.829153692233,0.705869941465,0.828719738227,0.676566512291,0.828123145604,0.60019590154,0.833769821553,0.661145945772,0.834400427334,0.214680569533,0.00224499314196,0.0346925075777,0.00268256290476
1,20.1822000504,0.0667999267578,0.667710280712,0.837261829755,0.6,0,0.1,5,0,0,0.7,"{'reg_alpha': 0, 'colsample_bytree': 0.6, 'learning_rate': 0.1, 'subsample': 0.7, 'reg_lambda': 0, 'max_depth': 5, 'gamma': 0}",11,0.660708746791,0.835974853312,0.703761683295,0.836394360941,0.689806112654,0.834183782019,0.612027537578,0.837868427586,0.672248387027,0.841887724917,0.28900475447,0.00256119438019,0.0314907631455,0.00259422648768
2,19.8022000313,0.0671999931335,0.669795965437,0.839046037351,0.6,0,0.1,5,0,0,0.8,"{'reg_alpha': 0, 'colsample_bytree': 0.6, 'learning_rate': 0.1, 'subsample': 0.8, 'reg_lambda': 0, 'max_depth': 5, 'gamma': 0}",9,0.677247519059,0.836871395036,0.713565091759,0.833547093533,0.684977632994,0.839004093845,0.612663531113,0.843578500983,0.660523878773,0.842229103358,0.0885559881873,0.00172052327918,0.0333228806808,0.00362337818488
3,19.4413999557,0.0672000408173,0.671515943369,0.843139066095,0.6,0,0.1,5,0,0,0.9,"{'reg_alpha': 0, 'colsample_bytree': 0.6, 'learning_rate': 0.1, 'subsample': 0.9, 'reg_lambda': 0, 'max_depth': 5, 'gamma': 0}",7,0.674714936316,0.8443123455,0.708871289866,0.836370752106,0.686858064462,0.842832864189,0.622386311651,0.843732010755,0.664747527955,0.848447357925,0.11395021658,0.00116616310264,0.0286382604966,0.003893840365
4,23.2261999607,0.0662000656128,0.660282576339,0.833425857219,0.7,0,0.1,5,0,0,0.6,"{'reg_alpha': 0, 'colsample_bytree': 0.7, 'learning_rate': 0.1, 'subsample': 0.6, 'reg_lambda': 0, 'max_depth': 5, 'gamma': 0}",16,0.661472649036,0.831702840102,0.712417383978,0.829574906894,0.669133840533,0.832948558846,0.592943493814,0.830619718431,0.665446724869,0.842283261822,0.125830661578,0.0014696716817,0.0383649802718,0.00456846694924
5,22.9421999454,0.0668000221252,0.66768757169,0.837541539479,0.7,0,0.1,5,0,0,0.7,"{'reg_alpha': 0, 'colsample_bytree': 0.7, 'learning_rate': 0.1, 'subsample': 0.7, 'reg_lambda': 0, 'max_depth': 5, 'gamma': 0}",12,0.66650390807,0.834759356103,0.71080023774,0.837043607548,0.677865685717,0.836108234646,0.620728448827,0.837810687475,0.662538371062,0.841985811624,0.133631530704,0.00248191622598,0.0289674334669,0.00244404741523
6,22.6365999699,0.0669999599457,0.671896458802,0.84182359637,0.7,0,0.1,5,0,0,0.8,"{'reg_alpha': 0, 'colsample_bytree': 0.7, 'learning_rate': 0.1, 'subsample': 0.8, 'reg_lambda': 0, 'max_depth': 5, 'gamma': 0}",5,0.697672082555,0.840363766146,0.712663938342,0.838164388464,0.682694015947,0.839896728463,0.612381520408,0.845088491401,0.654066557224,0.845604607375,0.0737661704137,0.00154917339342,0.035505243766,0.00297285420067
7,22.2079999447,0.0662001132965,0.675466597198,0.84327138785,0.7,0,0.1,5,0,0,0.9,"{'reg_alpha': 0, 'colsample_bytree': 0.7, 'learning_rate': 0.1, 'subsample': 0.9, 'reg_lambda': 0, 'max_depth': 5, 'gamma': 0}",2,0.675886424637,0.842642004276,0.716850938689,0.840053353123,0.701108344852,0.83949258401,0.617918568393,0.845163040064,0.665566388697,0.849005957778,0.103317007298,0.00116620398837,0.0340011087113,0.00350698930714
8,26.2706000805,0.0667999744415,0.666426261993,0.833454615231,0.8,0,0.1,5,0,0,0.6,"{'reg_alpha': 0, 'colsample_bytree': 0.8, 'learning_rate': 0.1, 'subsample': 0.6, 'reg_lambda': 0, 'max_depth': 5, 'gamma': 0}",13,0.671172453275,0.832801041827,0.711518708205,0.831642508497,0.690229293698,0.831382383942,0.606579260089,0.833311557218,0.652628360311,0.838135584672,0.0974999065192,0.00132670472537,0.0357623831858,0.0024469152836
9,25.6517999649,0.0645999908447,0.668930291736,0.838449630304,0.8,0,0.1,5,0,0,0.7,"{'reg_alpha': 0, 'colsample_bytree': 0.8, 'learning_rate': 0.1, 'subsample': 0.7, 'reg_lambda': 0, 'max_depth': 5, 'gamma': 0}",10,0.68845667575,0.836772485286,0.709761029429,0.835622197119,0.666457078478,0.837228293472,0.620369122574,0.838657281645,0.659605366578,0.843967893999,0.266921200813,0.0013564450202,0.0299995918583,0.00292551570739
10,25.8546000481,0.0671999931335,0.678352834182,0.84228555461,0.8,0,0.1,5,0,0,0.8,"{'reg_alpha': 0, 'colsample_bytree': 0.8, 'learning_rate': 0.1, 'subsample': 0.8, 'reg_lambda': 0, 'max_depth': 5, 'gamma': 0}",1,0.69269834758,0.841532873115,0.724047498138,0.838541146396,0.678172615956,0.838748945087,0.618598066423,0.845640902742,0.678247618148,0.84696390571,0.179445424604,0.00159993172047,0.0342483483925,0.00347102461331
11,25.6443999767,0.0670000076294,0.671883360126,0.843913978635,0.8,0,0.1,5,0,0,0.9,"{'reg_alpha': 0, 'colsample_bytree': 0.8, 'learning_rate': 0.1, 'subsample': 0.9, 'reg_lambda': 0, 'max_depth': 5, 'gamma': 0}",6,0.68832629801,0.8446369659,0.725380127487,0.840257447567,0.691470029741,0.841626616715,0.598095904434,0.844415255984,0.656140750706,0.84863360701,0.129652688494,0.000632485092998,0.0429155075725,0.00288621293621
12,30.0642000675,0.0659999847412,0.661918455372,0.834524050333,0.9,0,0.1,5,0,0,0.6,"{'reg_alpha': 0, 'colsample_bytree': 0.9, 'learning_rate': 0.1, 'subsample': 0.6, 'reg_lambda': 0, 'max_depth': 5, 'gamma': 0}",15,0.679902382,0.835269537957,0.70796740248,0.828953148697,0.677372478845,0.83304636373,0.600028590249,0.835169502267,0.644317297368,0.840181699014,0.0769426339702,0.00109536571797,0.0369409188321,0.00363867699386
13,29.5386000633,0.0670000076294,0.670755684375,0.840268461719,0.9,0,0.1,5,0,0,0.7,"{'reg_alpha': 0, 'colsample_bytree': 0.9, 'learning_rate': 0.1, 'subsample': 0.7, 'reg_lambda': 0, 'max_depth': 5, 'gamma': 0}",8,0.672400526352,0.839695147704,0.716293283269,0.83631162744,0.672460987119,0.839136370648,0.618000605975,0.840648783325,0.674623925919,0.845550379478,0.170919393856,0.00109540925241,0.0312332298351,0.00301032079334
14,28.9374000072,0.0666000366211,0.672683866434,0.841482578081,0.9,0,0.1,5,0,0,0.8,"{'reg_alpha': 0, 'colsample_bytree': 0.9, 'learning_rate': 0.1, 'subsample': 0.8, 'reg_lambda': 0, 'max_depth': 5, 'gamma': 0}",4,0.690500817875,0.839243888609,0.710712035004,0.840121752977,0.68713138396,0.839439167618,0.61229377021,0.842377620137,0.662779003305,0.846230461062,0.16387383034,0.00101981415523,0.0338160648812,0.00262231176326
15,28.5722000122,0.0668000221252,0.672735212901,0.844924008516,0.9,0,0.1,5,0,0,0.9,"{'reg_alpha': 0, 'colsample_bytree': 0.9, 'learning_rate': 0.1, 'subsample': 0.9, 'reg_lambda': 0, 'max_depth': 5, 'gamma': 0}",3,0.675249635482,0.84656705286,0.727700766124,0.841191457475,0.688562392864,0.841192712927,0.60586596558,0.844402033376,0.66629579498,0.851266785941,0.175406296716,0.00248199307364,0.0394749335264,0.00376981119614
0,23.9129999638,0.0646000385284,0.674083224106,0.839933292551,0.75,0,0.1,5,0,0,0.75,"{'reg_alpha': 0, 'colsample_bytree': 0.75, 'learning_rate': 0.1, 'subsample': 0.75, 'reg_lambda': 0, 'max_depth': 5, 'gamma': 0}",4,0.682012841948,0.845324285766,0.717078468344,0.834531752436,0.693641892614,0.838507452936,0.606428197272,0.838498175141,0.671254057162,0.842804796476,0.215005155397,0.000799918180073,0.0370932308488,0.00375706158671
1,23.6550000668,0.0651999950409,0.668442621577,0.841271123808,0.75,0,0.1,5,0,0,0.8,"{'reg_alpha': 0, 'colsample_bytree': 0.75, 'learning_rate': 0.1, 'subsample': 0.8, 'reg_lambda': 0, 'max_depth': 5, 'gamma': 0}",9,0.674925464159,0.840466829737,0.712785551282,0.839484301422,0.677299024322,0.837760492405,0.614924141496,0.844304099814,0.662277481446,0.844339895662,0.183522214261,0.00146972359545,0.0315886694618,0.00263744043272
2,23.9919999599,0.0693999290466,0.673356651705,0.843182065686,0.75,0,0.1,5,0,0,0.85,"{'reg_alpha': 0, 'colsample_bytree': 0.75, 'learning_rate': 0.1, 'subsample': 0.85, 'reg_lambda': 0, 'max_depth': 5, 'gamma': 0}",5,0.689628731177,0.844792540278,0.710833721849,0.839340934786,0.689420286259,0.839390558212,0.604687493181,0.844928134958,0.672212757916,0.847458160196,0.599097003445,0.00387812592571,0.0364538742435,0.00325752010229
3,26.5399999619,0.0664000034332,0.673331155957,0.840845515454,0.8,0,0.1,5,0,0,0.75,"{'reg_alpha': 0, 'colsample_bytree': 0.8, 'learning_rate': 0.1, 'subsample': 0.75, 'reg_lambda': 0, 'max_depth': 5, 'gamma': 0}",6,0.686049175544,0.84282055202,0.727373758249,0.838850383516,0.6723321105,0.837206597463,0.609958865257,0.841958056845,0.670941310029,0.843391987425,0.278220788441,0.00257684763753,0.0376973191336,0.00240188729485
4,26.4791999817,0.069000005722,0.678352834182,0.84228555461,0.8,0,0.1,5,0,0,0.8,"{'reg_alpha': 0, 'colsample_bytree': 0.8, 'learning_rate': 0.1, 'subsample': 0.8, 'reg_lambda': 0, 'max_depth': 5, 'gamma': 0}",1,0.69269834758,0.841532873115,0.724047498138,0.838541146396,0.678172615956,0.838748945087,0.618598066423,0.845640902742,0.678247618148,0.84696390571,0.243594290076,0.00328635832838,0.0342483483925,0.00347102461331
5,25.4985999584,0.0670000076294,0.675071019844,0.842986397184,0.8,0,0.1,5,0,0,0.85,"{'reg_alpha': 0, 'colsample_bytree': 0.8, 'learning_rate': 0.1, 'subsample': 0.85, 'reg_lambda': 0, 'max_depth': 5, 'gamma': 0}",3,0.679371788668,0.840849298491,0.716591082952,0.841281445537,0.692206953616,0.838955264739,0.609148660774,0.846876473926,0.67803730854,0.846969503229,0.375242111905,0.00126493247646,0.0357516610279,0.00330822945252
6,27.9636000633,0.0684000015259,0.66928678553,0.841095645813,0.85,0,0.1,5,0,0,0.75,"{'reg_alpha': 0, 'colsample_bytree': 0.85, 'learning_rate': 0.1, 'subsample': 0.75, 'reg_lambda': 0, 'max_depth': 5, 'gamma': 0}",8,0.665166028101,0.843507726185,0.721825962335,0.837296905117,0.675101156808,0.840034127107,0.618286403313,0.837120580756,0.666053619203,0.847518889902,0.677558993362,0.00313682336159,0.032932952473,0.00396067144297
7,28.4188000679,0.0727999687195,0.676698051859,0.842620285838,0.85,0,0.1,5,0,0,0.8,"{'reg_alpha': 0, 'colsample_bytree': 0.85, 'learning_rate': 0.1, 'subsample': 0.8, 'reg_lambda': 0, 'max_depth': 5, 'gamma': 0}",2,0.6910136393,0.841768089167,0.720898926895,0.838823242116,0.687870520076,0.838039270831,0.608987182331,0.845904735688,0.674719526903,0.848566091389,0.0902827523262,0.00193905435745,0.0370741827614,0.00405634547725
8,28.4145999908,0.072200012207,0.671753760707,0.842766486253,0.85,0,0.1,5,0,0,0.85,"{'reg_alpha': 0, 'colsample_bytree': 0.85, 'learning_rate': 0.1, 'subsample': 0.85, 'reg_lambda': 0, 'max_depth': 5, 'gamma': 0}",7,0.680856027609,0.842233605435,0.70540867203,0.839570076448,0.697832106321,0.839748505744,0.619388494731,0.84341027979,0.65527964112,0.848869963847,0.0421455258785,0.00172047893441,0.0313345453618,0.00338455647955
0,25.2685998917,0.0662000656128,0.678352834182,0.84228555461,0.8,0,0.1,5,0,0,0.8,"{'reg_alpha': 0, 'colsample_bytree': 0.8, 'learning_rate': 0.1, 'subsample': 0.8, 'reg_lambda': 0, 'max_depth': 5, 'gamma': 0}",2,0.69269834758,0.841532873115,0.724047498138,0.838541146396,0.678172615956,0.838748945087,0.618598066423,0.845640902742,0.678247618148,0.84696390571,0.154286217918,0.00146970412414,0.0342483483925,0.00347102461331
1,25.2427999496,0.0662000179291,0.677057032439,0.842718479573,0.8,0,0.1,5,0,0.01,0.8,"{'reg_alpha': 0, 'colsample_bytree': 0.8, 'learning_rate': 0.1, 'subsample': 0.8, 'reg_lambda': 0.01, 'max_depth': 5, 'gamma': 0}",8,0.693562127985,0.841488605257,0.714310569231,0.83974698844,0.67626098242,0.840604958871,0.619849484157,0.845603112251,0.681302993704,0.846148733046,0.122053043509,0.00160005688728,0.0314701050941,0.00264185785825
2,25.5115999699,0.0661999702454,0.669103464624,0.841941539175,0.8,0,0.1,5,0,0.1,0.8,"{'reg_alpha': 0, 'colsample_bytree': 0.8, 'learning_rate': 0.1, 'subsample': 0.8, 'reg_lambda': 0.1, 'max_depth': 5, 'gamma': 0}",18,0.679873747806,0.840064466747,0.709681780184,0.839008591122,0.668697162595,0.839030068431,0.611446131037,0.845193079372,0.675820075948,0.846411490204,0.785904964054,0.00146968466185,0.0320389600528,0.00319860041029
3,24.8289999485,0.0646000862122,0.671125863964,0.838672374476,0.8,0,0.1,5,0,1,0.8,"{'reg_alpha': 0, 'colsample_bytree': 0.8, 'learning_rate': 0.1, 'subsample': 0.8, 'reg_lambda': 1, 'max_depth': 5, 'gamma': 0}",11,0.692511197717,0.838167416999,0.717818126852,0.832856031526,0.681339284821,0.839812793201,0.601340789203,0.840260185089,0.662617926867,0.842265445566,0.114073735464,0.00120003223774,0.039203313205,0.0031879988908
4,24.8304000378,0.0645999908447,0.666181098073,0.760176850111,0.8,0,0.1,5,0,100,0.8,"{'reg_alpha': 0, 'colsample_bytree': 0.8, 'learning_rate': 0.1, 'subsample': 0.8, 'reg_lambda': 100, 'max_depth': 5, 'gamma': 0}",21,0.670365449273,0.758832035663,0.712134360265,0.75157852266,0.675473935166,0.755605339977,0.597193665009,0.77591156823,0.675740321444,0.758956784024,0.214336710726,0.00185474867096,0.0375939422496,0.00831514739841
5,25.8941999435,0.0634000301361,0.67835283435,0.842285554575,0.8,0,0.1,5,0.01,0,0.8,"{'reg_alpha': 0.01, 'colsample_bytree': 0.8, 'learning_rate': 0.1, 'subsample': 0.8, 'reg_lambda': 0, 'max_depth': 5, 'gamma': 0}",1,0.69269834758,0.84153287308,0.724047498167,0.838541146325,0.678172615954,0.838748944903,0.618598067455,0.845640902742,0.67824761793,0.846963905822,0.177651753439,0.00101973934629,0.0342483480402,0.00347102469753
6,27.1412000656,0.068199968338,0.677057032563,0.842718479611,0.8,0,0.1,5,0.01,0.01,0.8,"{'reg_alpha': 0.01, 'colsample_bytree': 0.8, 'learning_rate': 0.1, 'subsample': 0.8, 'reg_lambda': 0.01, 'max_depth': 5, 'gamma': 0}",7,0.693562127985,0.841488605355,0.714310569235,0.839746988436,0.676260982383,0.840604958941,0.619849484114,0.845603112239,0.681302994403,0.846148733082,0.52902682664,0.002785653774,0.03147010513,0.00264185784576
7,27.3660000324,0.0711999893188,0.669103464835,0.841941538961,0.8,0,0.1,5,0.01,0.1,0.8,"{'reg_alpha': 0.01, 'colsample_bytree': 0.8, 'learning_rate': 0.1, 'subsample': 0.8, 'reg_lambda': 0.1, 'max_depth': 5, 'gamma': 0}",17,0.679873747891,0.840064466702,0.709681780196,0.839008591119,0.668697163579,0.839030067455,0.611446131014,0.845193079329,0.675820075948,0.8464114902,0.303526019921,0.00299327462902,0.0320389600672,0.00319860058389
8,27.2929999828,0.0702000141144,0.671125861763,0.838672373942,0.8,0,0.1,5,0.01,1,0.8,"{'reg_alpha': 0.01, 'colsample_bytree': 0.8, 'learning_rate': 0.1, 'subsample': 0.8, 'reg_lambda': 1, 'max_depth': 5, 'gamma': 0}",12,0.692511197712,0.838167416782,0.717818123855,0.832856031343,0.681339276141,0.83981279095,0.601340789881,0.840260185088,0.662617926868,0.84226544555,0.445134193595,0.00213538592964,0.0392033117967,0.00318799879948
9,25.8036000729,0.0655999660492,0.666181097976,0.760176850227,0.8,0,0.1,5,0.01,100,0.8,"{'reg_alpha': 0.01, 'colsample_bytree': 0.8, 'learning_rate': 0.1, 'subsample': 0.8, 'reg_lambda': 100, 'max_depth': 5, 'gamma': 0}",23,0.670365449273,0.758832035663,0.712134359782,0.751578523244,0.675473935166,0.755605339977,0.597193665009,0.77591156823,0.675740321444,0.758956784024,0.11196893529,0.000489920847309,0.0375939421315,0.00831514727765
10,26.3642001152,0.0667999744415,0.678352828108,0.842285554587,0.8,0,0.1,5,0.1,0,0.8,"{'reg_alpha': 0.1, 'colsample_bytree': 0.8, 'learning_rate': 0.1, 'subsample': 0.8, 'reg_lambda': 0, 'max_depth': 5, 'gamma': 0}",4,0.69269834758,0.841532873037,0.724047498436,0.838541146358,0.678172615572,0.838748945633,0.618598067424,0.845640902729,0.678247586858,0.846963905179,0.63195773984,0.00324964689351,0.0342483481421,0.00347102436781
11,27.3269999504,0.0700000286102,0.677057031842,0.842718479555,0.8,0,0.1,5,0.1,0.01,0.8,"{'reg_alpha': 0.1, 'colsample_bytree': 0.8, 'learning_rate': 0.1, 'subsample': 0.8, 'reg_lambda': 0.01, 'max_depth': 5, 'gamma': 0}",9,0.693562126288,0.841488605074,0.71431056624,0.839746988231,0.676260982438,0.840604958799,0.619849483911,0.845603112177,0.681302995638,0.846148733494,0.0450644197222,0.00209755659315,0.0314701043497,0.00264185803412
12,27.5165999889,0.0726000785828,0.669103464251,0.841941538891,0.8,0,0.1,5,0.1,0.1,0.8,"{'reg_alpha': 0.1, 'colsample_bytree': 0.8, 'learning_rate': 0.1, 'subsample': 0.8, 'reg_lambda': 0.1, 'max_depth': 5, 'gamma': 0}",19,0.679873749082,0.840064466593,0.709681780156,0.839008590956,0.668697158962,0.839030067946,0.611446131039,0.845193079101,0.675820076467,0.846411489863,0.0658228535373,0.00185476409518,0.0320389601618,0.00319860039683
13,27.0895999908,0.0684000015259,0.671125861015,0.83867237414,0.8,0,0.1,5,0.1,1,0.8,"{'reg_alpha': 0.1, 'colsample_bytree': 0.8, 'learning_rate': 0.1, 'subsample': 0.8, 'reg_lambda': 1, 'max_depth': 5, 'gamma': 0}",14,0.692511195605,0.838167416522,0.717818123582,0.832856031424,0.681339276134,0.839812790914,0.601340789813,0.840260184978,0.662617925585,0.842265446861,0.612330837598,0.00293934335953,0.0392033115813,0.00318799906019
14,26.0029999733,0.0654000759125,0.666181097977,0.760176850228,0.8,0,0.1,5,0.1,100,0.8,"{'reg_alpha': 0.1, 'colsample_bytree': 0.8, 'learning_rate': 0.1, 'subsample': 0.8, 'reg_lambda': 100, 'max_depth': 5, 'gamma': 0}",22,0.670365449279,0.758832035659,0.712134359786,0.751578523246,0.675473935166,0.755605339977,0.597193665004,0.775911568225,0.675740321444,0.758956784034,0.157912593209,0.00205915277967,0.0375939421343,0.00831514727546
15,26.2585999966,0.0670000553131,0.678352830795,0.842285552348,0.8,0,0.1,5,1,0,0.8,"{'reg_alpha': 1, 'colsample_bytree': 0.8, 'learning_rate': 0.1, 'subsample': 0.8, 'reg_lambda': 0, 'max_depth': 5, 'gamma': 0}",3,0.69269835609,0.841532871238,0.724047497915,0.838541143114,0.678172619064,0.838748943191,0.618598070862,0.845640901102,0.678247585374,0.846963903093,0.0925366750077,0.00141421221488,0.0342483475137,0.00347102476655
16,26.2765999794,0.0660000324249,0.677057031647,0.842718477923,0.8,0,0.1,5,1,0.01,0.8,"{'reg_alpha': 1, 'colsample_bytree': 0.8, 'learning_rate': 0.1, 'subsample': 0.8, 'reg_lambda': 0.01, 'max_depth': 5, 'gamma': 0}",10,0.693562123416,0.841488603359,0.714310569804,0.839746987358,0.676260980269,0.840604957768,0.619849485062,0.845603111256,0.681302994988,0.846148729876,0.0794571106012,9.53674316406e-08,0.0314701044675,0.00264185741438
17,26.268599987,0.0664000034332,0.669103464137,0.841941536879,0.8,0,0.1,5,1,0.1,0.8,"{'reg_alpha': 1, 'colsample_bytree': 0.8, 'learning_rate': 0.1, 'subsample': 0.8, 'reg_lambda': 0.1, 'max_depth': 5, 'gamma': 0}",20,0.679873750225,0.840064464486,0.709681780661,0.839008588595,0.668697163006,0.839030065581,0.61144612906,0.845193077496,0.675820072184,0.846411488238,0.167075577902,0.000489920847309,0.0320389608887,0.00319860072745
18,27.1032000065,0.0687999725342,0.671125860475,0.838672372846,0.8,0,0.1,5,1,1,0.8,"{'reg_alpha': 1, 'colsample_bytree': 0.8, 'learning_rate': 0.1, 'subsample': 0.8, 'reg_lambda': 1, 'max_depth': 5, 'gamma': 0}",15,0.692511197304,0.838167415263,0.717818120947,0.832856031549,0.681339277049,0.839812788948,0.601340788751,0.840260183831,0.662617923966,0.842265444639,0.958035849311,0.00617733020223,0.0392033116351,0.00318799829865
19,29.8664000511,0.077799987793,0.666181097689,0.760176849773,0.8,0,0.1,5,1,100,0.8,"{'reg_alpha': 1, 'colsample_bytree': 0.8, 'learning_rate': 0.1, 'subsample': 0.8, 'reg_lambda': 100, 'max_depth': 5, 'gamma': 0}",24,0.670365449634,0.758832035651,0.712134360184,0.751578523164,0.675473934253,0.755605337648,0.597193665048,0.775911568095,0.67574032012,0.758956784309,1.00193365192,0.00444518530498,0.0375939421108,0.00831514749128
20,30.8119999886,0.0776000499725,0.678352803467,0.842285357059,0.8,0,0.1,5,100,0,0.8,"{'reg_alpha': 100, 'colsample_bytree': 0.8, 'learning_rate': 0.1, 'subsample': 0.8, 'reg_lambda': 0, 'max_depth': 5, 'gamma': 0}",5,0.692698256862,0.841532674024,0.724047498686,0.838540949083,0.678172522416,0.838748733701,0.618598078995,0.845640711721,0.678247635723,0.846963716768,0.436970979013,0.00174350431275,0.0342483366389,0.00347103103105
21,30.8800000191,0.0779999256134,0.677057062123,0.842718292967,0.8,0,0.1,5,100,0.01,0.8,"{'reg_alpha': 100, 'colsample_bytree': 0.8, 'learning_rate': 0.1, 'subsample': 0.8, 'reg_lambda': 0.01, 'max_depth': 5, 'gamma': 0}",6,0.693562204969,0.84148842826,0.714310612938,0.839746790545,0.676261000158,0.840604763649,0.619849477778,0.845602933337,0.681303010074,0.846148549042,0.549456506629,0.00384707066549,0.0314701261893,0.00264186323726
22,29.1498000145,0.0779999256134,0.669103476302,0.841941371389,0.8,0,0.1,5,100,0.1,0.8,"{'reg_alpha': 100, 'colsample_bytree': 0.8, 'learning_rate': 0.1, 'subsample': 0.8, 'reg_lambda': 0.1, 'max_depth': 5, 'gamma': 0}",16,0.679873725623,0.840064309471,0.709681822664,0.839008418704,0.668697166243,0.839029894946,0.611446132944,0.845192908645,0.67582010849,0.846411325179,0.577630125076,0.00540366374911,0.0320389699908,0.00319860123765
23,27.5635999203,0.0698000431061,0.671125861153,0.838672261896,0.8,0,0.1,5,100,1,0.8,"{'reg_alpha': 100, 'colsample_bytree': 0.8, 'learning_rate': 0.1, 'subsample': 0.8, 'reg_lambda': 1, 'max_depth': 5, 'gamma': 0}",13,0.69251120497,0.838167310459,0.717818119288,0.832855908041,0.681339259421,0.839812673853,0.601340778605,0.840260081878,0.662617949126,0.842265335249,0.641168252367,0.0026381418063,0.0392033136782,0.00318800363786
24,26.4645999908,0.064999961853,0.666181086177,0.76017682221,0.8,0,0.1,5,100,100,0.8,"{'reg_alpha': 100, 'colsample_bytree': 0.8, 'learning_rate': 0.1, 'subsample': 0.8, 'reg_lambda': 100, 'max_depth': 5, 'gamma': 0}",25,0.670365434556,0.758832017569,0.712134327867,0.751578490614,0.675473925031,0.755605309956,0.597193655919,0.775911540953,0.675740328308,0.758956751956,0.0612587574468,0.000894468988891,0.0375939371855,0.00831514852998
0,25.9426000595,0.0638000011444,0.310433096078,0.918077695762,0.8,0,1,5,0.01,0,0.8,"{'reg_alpha': 0.01, 'colsample_bytree': 0.8, 'learning_rate': 1, 'subsample': 0.8, 'reg_lambda': 0, 'max_depth': 5, 'gamma': 0}",2,0.394807328951,0.921473831602,0.263007806675,0.916927469562,0.280308110803,0.914278643556,0.328118422084,0.920412624576,0.285918065269,0.917295909513,0.0411756845591,0.000400018706227,0.0473071351995,0.00258273649165
1,26.329599905,0.0656001091003,0.67835283435,0.842285554575,0.8,0,0.1,5,0.01,0,0.8,"{'reg_alpha': 0.01, 'colsample_bytree': 0.8, 'learning_rate': 0.1, 'subsample': 0.8, 'reg_lambda': 0, 'max_depth': 5, 'gamma': 0}",1,0.69269834758,0.84153287308,0.724047498167,0.838541146325,0.678172615954,0.838748944903,0.618598067455,0.845640902742,0.67824761793,0.846963905822,0.148185880722,0.00101981415523,0.0342483480402,0.00347102469753
2,26.1797999859,0.0608000278473,0.227059597246,0.289152393004,0.8,0,0.01,5,0.01,0,0.8,"{'reg_alpha': 0.01, 'colsample_bytree': 0.8, 'learning_rate': 0.01, 'subsample': 0.8, 'reg_lambda': 0, 'max_depth': 5, 'gamma': 0}",3,0.181379963217,0.295243564289,0.264669729322,0.271804326145,0.244133938608,0.283317596551,0.197606609641,0.299390749142,0.247512539847,0.296005728891,0.0887950481658,0.00116621216534,0.0318704424527,0.0102361593404
