,A,B,C,D
2017-01-01,-0.7309443411940089,-0.29310028979829955,1.390311054374958,0.008567998242977746
2017-01-02,-2.233796409985069,-0.5058897065529453,1.3870786205673902,-0.33239937238322126
2017-01-03,-0.4787372010912825,-0.29056768656715204,0.9840632277051327,-0.3538678479832424
2017-01-04,-0.631594804516449,2.5871334059674282,0.9657709951770697,1.5958678922200713
2017-01-05,-1.7137304500393788,3.4586728849214614,1.527233581799066,1.4850341543489223
2017-01-06,-2.0855981648827044,2.365850618913281,0.28507124717545684,-0.024455009678513884
2017-01-07,-3.157366746619404,1.1769684268557536,-0.7019377854036774,0.6664221382886021
2017-01-08,-6.057301822043602,1.2025097054939085,0.05106174318694223,-1.1691993664493951
2017-01-09,-7.166276022543095,0.8698611839173604,-0.6349729797913051,-2.649541673494922
2017-01-10,-5.859017752106826,1.5238848874608268,-0.8520313749516097,-4.427095760073199
2017-01-11,-8.291845176902028,0.5944581797081667,-0.5842365387470126,-3.035827278122637
2017-01-12,-7.955640850833778,0.11351045273553778,-0.5077302999199889,-3.834167386313077
2017-01-13,-7.650971814895757,-1.1381068428358263,-0.6334793075908859,-3.1472549918359194
2017-01-14,-7.246792160033861,-0.8392578900620509,-0.7349942657359948,-3.4001913390883587
2017-01-15,-7.887350896381712,0.0004618987361105775,-0.2818168395616928,-3.1683202997282764
2017-01-16,-8.938524848879409,0.8327877731296152,0.43381214779020405,-4.292819954681942
2017-01-17,-9.205645204965135,-0.08872523568148694,1.4022470601103911,-5.800103430925283
2017-01-18,-9.717958185693758,-1.152078077167847,1.5939631270958243,-6.214328414535236
2017-01-19,-10.15699446655535,-2.9811503040815612,0.39469639767591636,-8.247455876456796
2017-01-20,-9.746720544035265,-2.5417070658341383,0.39441397821355595,-10.375091215835825
2017-01-21,-8.86974840615432,-0.3010630715394971,-0.47527531885254193,-10.921210462367
2017-01-22,-8.553293373530611,-0.7591887782509916,-0.8028233791916559,-9.847494988501554
2017-01-23,-9.899278361065019,-1.0853018410175628,-0.19328286588389632,-11.44557927280329
2017-01-24,-9.894607078669333,-1.1665268919073974,-1.4018248084017704,-11.999687742257676
2017-01-25,-10.048769797581022,-0.7023332885364273,-0.06684274332213991,-12.458097917970937
2017-01-26,-10.30824481714676,-0.5505769256876474,-1.1381608305817679,-12.543222709194731
2017-01-27,-11.938851089913681,-0.43618278526932763,-2.8033888849530113,-12.545823205570104
2017-01-28,-12.491224792195126,1.8009119215624458,-0.9629581716507334,-11.76959923513744
2017-01-29,-12.182347221356748,1.5700439093611944,-1.0611636701433735,-10.005164091163474
2017-01-30,-12.591844528124627,1.9248274828804268,-0.4640823796703022,-9.21740709135791
2017-01-31,-13.677533913338863,1.3079809582906536,-0.749840194169465,-9.136373242333574
2017-02-01,-12.690321124693675,1.968679732857691,-1.2109542691285538,-8.73521677719906
2017-02-02,-14.483832693652205,2.184768531021256,-0.07037395050850859,-10.76306772716121
2017-02-03,-13.407488243411134,1.1115139467876067,0.8947593269837947,-12.08618496394003
2017-02-04,-11.517906005102216,1.1864483883655816,0.1742632818556008,-12.171410770306958
2017-02-05,-11.66134499289636,1.2902553000401629,-0.511380465708075,-13.096222632966374
2017-02-06,-13.351692184014407,1.2488320472544419,0.5575621896510227,-12.742508582672984
2017-02-07,-13.659460908937017,1.7850854325962344,-0.8711192794550325,-12.020874805704969
2017-02-08,-13.708631752820992,2.1394782693915837,0.03512207504128739,-10.405673852224618
2017-02-09,-12.964238786595434,0.8616875696783437,-0.8183542269084674,-9.662728905529448
2017-02-10,-12.02161438173549,3.0944707115957666,-2.941070800101237,-8.918966175818388
2017-02-11,-11.315218939627583,4.61088701634121,-3.4865631288842933,-9.927206928568836
2017-02-12,-12.062808062316927,4.0389334243331145,-1.3330898472407036,-12.042637761654632
2017-02-13,-12.845164566022746,2.028972445241667,-0.6026938262183007,-12.408248708552112
2017-02-14,-13.405033174220474,0.38070789366916635,-1.254387279120057,-12.42099129999355
2017-02-15,-13.81818048560629,1.547568362689489,-1.7324587507579885,-13.003678504237936
2017-02-16,-13.406696091721978,2.8724556482222736,-3.3643098084431617,-15.270879686296663
2017-02-17,-12.553522050430342,2.46890727356587,-4.16372118482955,-13.9852080621161
2017-02-18,-11.876189147359696,1.127694657535581,-5.142967214516898,-15.391421156208084
2017-02-19,-12.489708715063552,1.4331472091897066,-3.9955299955843055,-15.352158815048492
2017-02-20,-13.142553124634576,1.0101113937664525,-3.716633269998429,-15.186670167662369
2017-02-21,-12.411463139064395,-1.3808695779366826,-2.9223993806342925,-14.875505817170431
2017-02-22,-13.219190094193408,-2.4941171895907575,-3.3585757275979256,-15.58354623770928
2017-02-23,-14.48477744339658,-2.5389522554497224,-4.48166174536828,-15.555647535145331
2017-02-24,-15.142537211562079,-4.634683017395464,-5.511184043218012,-14.073489892403131
2017-02-25,-15.325527954309186,-3.4710023450769345,-6.072549031515796,-13.588355136759214
2017-02-26,-16.64603792979787,-4.075313052559626,-6.705631412150064,-15.819136398902899
2017-02-27,-14.8385507541206,-4.123575855660983,-5.967576762013947,-17.330652872684176
2017-02-28,-14.654340446529103,-4.224274201220922,-6.365871592099958,-17.730052287031306
2017-03-01,-13.87342103613969,-5.203403763601736,-5.4200755443160755,-17.147017521636066
2017-03-02,-12.906439547334125,-6.230124063215271,-6.3752871515958836,-15.553714498826785
2017-03-03,-12.214809161200774,-5.596857725932226,-8.612595611601948,-15.168022805440712
2017-03-04,-12.559962931947,-6.545217760759044,-7.250360394119784,-14.828668802028986
2017-03-05,-12.855453968179088,-6.1145609958943306,-8.029952033482033,-16.826408977997865
2017-03-06,-13.520606199540806,-4.095672924413078,-9.867646292282599,-18.541159191686575
2017-03-07,-14.173860357373318,-4.356817057984248,-10.186548191119389,-18.296384746295843
2017-03-08,-15.861533276117422,-5.256438773917042,-11.308819276421746,-18.355392382345396
2017-03-09,-15.520971620142834,-4.339877757951993,-12.557211320465937,-18.304071701955916
2017-03-10,-14.497691526155275,-5.485356520539465,-10.8556896624187,-17.706960860810888
2017-03-11,-14.496899135780922,-5.021228706426075,-12.280001375242307,-18.783293210163365
2017-03-12,-15.190573153520681,-5.537709151720124,-13.09728040750927,-18.538727814684986
2017-03-13,-15.543114050635992,-5.5315217804152175,-11.214250058525371,-17.366969446560635
2017-03-14,-16.245279512317957,-4.8854615307940445,-8.595400956586793,-17.32141120250462
2017-03-15,-16.414120713140775,-4.199249021468317,-8.729642101552956,-15.672565367589478
2017-03-16,-17.008922426751802,-3.3099765057143724,-9.254543892070124,-14.541318725692816
2017-03-17,-15.707089137928705,-3.7991026067035802,-10.149590059863637,-13.357247071841748
2017-03-18,-16.149498875477388,-4.272075606598163,-10.971515027346951,-12.631928124636909
2017-03-19,-16.399169385145672,-3.4732122683324094,-10.282965326776369,-13.585189927233852
2017-03-20,-15.956777314601693,-4.7023731197407495,-11.843914785706726,-12.357561840993451
2017-03-21,-16.096808137871072,-4.701249522656583,-11.434811188347808,-13.398732677704741
2017-03-22,-16.844809504969863,-4.428647546958172,-11.201357516901531,-12.578419988676384
2017-03-23,-17.784457347365432,-5.083044555619729,-13.208688016724935,-13.557058625534044
2017-03-24,-17.935706002871278,-3.240784310832436,-12.216987985375557,-13.62387108810196
2017-03-25,-17.98359799964547,-3.442485654738524,-11.418048751641026,-13.757495015215115
2017-03-26,-18.08144046046456,-3.220848343206148,-10.551649739239625,-14.127200197411423
2017-03-27,-20.754820276815586,-3.0351329880637583,-9.755148735694636,-14.352107931176871
2017-03-28,-21.867191356114937,-3.503093548255837,-11.359471056568317,-14.92910724366066
2017-03-29,-22.556298696139834,-2.971363433944137,-11.507220540228637,-14.479066716420055
2017-03-30,-22.482072664719357,-2.1285365821746742,-12.458139748706042,-15.235920812172939
2017-03-31,-23.891662124431708,-1.9273374416342108,-12.541476666346785,-15.837860159057309
2017-04-01,-25.8223698714201,-3.0805947916598586,-11.778032571061189,-15.102753451763675
2017-04-02,-26.89695942984127,-2.640574056678015,-12.821590913995742,-15.777104957624045
2017-04-03,-25.418529537944448,-1.7870644502222945,-11.903436327800057,-14.385778487218206
2017-04-04,-23.87183816174208,-2.044397147923527,-11.475556143977943,-15.303739537088397
2017-04-05,-26.18631199823104,-2.621137315230172,-9.999382185647935,-15.342079160231343
2017-04-06,-25.757100318126007,-1.0693885293034828,-10.387038870857674,-15.519556456929529
2017-04-07,-24.526841613559288,-0.2683061251167208,-10.597517277606917,-16.576716546403738
2017-04-08,-25.0112463565977,1.0255592997286511,-10.2078906714849,-16.915309278292753
2017-04-09,-23.99742431146467,1.9278109220421047,-7.658403580182602,-17.17543053344404
2017-04-10,-24.31192129512872,2.618765471061389,-7.0133888001181415,-17.7764627753125
2017-04-11,-21.994848647425528,3.9898519292703183,-7.692284384373766,-19.105049733788846
2017-04-12,-20.35882846248674,2.5272335873420366,-7.9710315597706956,-18.71100390195146
2017-04-13,-20.502617994913685,3.0043212409266467,-7.2826318509086665,-18.830055882575223
2017-04-14,-18.755562938575302,3.27913505525437,-7.8525497626470475,-17.823455767537144
2017-04-15,-19.01629675339321,2.890315453004369,-6.925234779271664,-18.230288668596668
2017-04-16,-17.889254280925154,2.293790518226693,-4.812385049295456,-18.580404105601094
2017-04-17,-17.140758694291222,1.7641322746320092,-2.988435124975411,-17.887442681550993
2017-04-18,-18.188944356948785,0.35272592225286226,-3.046488572116348,-19.013504940311783
2017-04-19,-19.108977398300652,-0.3480713305919021,-1.6389827214960708,-16.515839812095088
2017-04-20,-19.56902599690571,-0.19541374816874577,-0.6575169078658871,-16.297089270627463
2017-04-21,-18.924108020405544,0.7344105955457116,-0.4426889384490389,-14.71604881152944
2017-04-22,-19.565003336995066,0.7299510512099241,-1.1961049518139122,-13.799095222069042
2017-04-23,-18.650785990793114,1.801717697256006,-0.14337610664246858,-13.199867426842157
2017-04-24,-21.531018957798864,3.014162749247228,-0.04277640440328073,-13.281641644311437
2017-04-25,-21.179472058412685,3.1635100915951044,-0.8461688351229268,-13.309588817670376
2017-04-26,-20.644363582013074,3.006283220256385,0.9015229043297626,-12.826768339001168
2017-04-27,-20.637574484301407,1.734674789638727,1.3916253052858991,-13.233570852011344
2017-04-28,-22.42208963326376,2.143402788033802,0.8334059594797841,-14.589120348535197
2017-04-29,-23.03202616237579,2.5935456567776516,0.9821275787680617,-16.446334838994733
2017-04-30,-23.40907576734475,3.7155196621718574,-0.5611781040295918,-16.542477650019197
2017-05-01,-25.168583554252287,3.547626639718817,-1.8443942934466198,-17.20013912057432
2017-05-02,-25.225809995487065,2.5641627699166083,-0.8084372328475817,-18.13400232587105
2017-05-03,-24.310132274217946,3.4164545784731812,-1.7163712899476031,-18.027351243890838
2017-05-04,-22.84951969668213,3.2969299784824524,-1.250919037869435,-19.1167021216987
2017-05-05,-21.817922781034266,2.6884171788697673,-1.896188330915772,-20.134578917751757
2017-05-06,-21.478740612316745,1.5969325357086173,-1.4333715141276675,-19.60361434979957
2017-05-07,-22.493584007790997,1.6388511022686039,-2.2899268882959922,-21.06739873218916
2017-05-08,-21.631041458260444,-0.20561116427627324,-2.6682063158239098,-22.00365198269809
2017-05-09,-20.80971633003302,-0.7827734620704897,-2.387990156871162,-21.76812660677803
2017-05-10,-21.5260087777448,-0.6825705721460222,-2.152234919314436,-20.57271269811392
2017-05-11,-20.96971640892896,-0.22581057345330102,-3.274404251342661,-20.03793990219044
2017-05-12,-22.460482111950242,0.3124862187212193,-2.712268785345746,-19.618623146836512
2017-05-13,-21.93399055417253,0.8921042923793262,-2.5274694162981985,-19.104788430133734
2017-05-14,-22.502851834657076,0.6847622318932631,-4.02727121300793,-17.54723932839398
2017-05-15,-23.471851327707203,-0.6775367889154362,-3.5406574315327486,-18.40110821134285
2017-05-16,-22.483408079543747,-0.2165368350727851,-4.1453157302570895,-19.143389696305015
2017-05-17,-21.04415169851559,-2.0802505286440396,-4.275642642919153,-18.167527053060784
2017-05-18,-20.84584263586068,-3.9277769601101404,-5.462018756866126,-16.721390263667736
2017-05-19,-22.353653286206782,-3.806961930219508,-5.154652290785406,-18.093619226704515
2017-05-20,-22.89279453435859,-4.052129372383837,-5.2177003552687085,-18.51622399531084
2017-05-21,-22.946434062620035,-3.8900838461369367,-7.62210223791024,-19.259126952137382
2017-05-22,-21.894048164152288,-2.8040442518457502,-8.59542448760374,-19.132932315022355
2017-05-23,-23.30084300771277,-2.4302411063876708,-9.305441006038688,-19.012626237058747
2017-05-24,-26.22171711463094,-1.7110972429376075,-7.203662265960588,-19.604361642694414
2017-05-25,-25.627100011150972,-1.2238193955109775,-7.191538224657423,-19.16591430836656
2017-05-26,-27.325913847975272,-1.2048508189777287,-8.166297383946928,-20.649579893089303
2017-05-27,-27.427854535901876,-3.0971393238502176,-8.681100716941561,-18.56466013014767
2017-05-28,-27.623975629262276,-3.269423688287391,-6.737019352664297,-17.66767725803947
2017-05-29,-28.180766559566685,-2.0588978009403327,-4.923572659821655,-17.75658396329244
2017-05-30,-27.35780741221069,-1.3110846778062446,-4.1586416136196895,-17.164709992218206
2017-05-31,-27.154488416719452,0.41051481820994495,-3.409317754207889,-16.97784438604566
2017-06-01,-26.066025528194057,1.3699884825311068,-5.428932171125683,-17.90277988951667
2017-06-02,-25.91140188624185,2.8612235740300402,-6.208671370034348,-17.554231877602355
2017-06-03,-26.658144206933798,2.4977377697986523,-8.254834180948901,-18.394156218364248
2017-06-04,-25.10913832699106,3.652636052449764,-8.729490501510167,-19.991062188933817
2017-06-05,-24.93261400928352,3.0911551474905408,-9.071333935777568,-19.409352027705847
2017-06-06,-24.616859119710604,3.785506017299215,-9.035963410617118,-17.67446267310839
2017-06-07,-25.748641224184,3.8110921237979176,-9.893121288125604,-19.032096850897283
2017-06-08,-27.19106953882815,3.696252139691059,-10.016871542790987,-20.97556912087918
2017-06-09,-25.3869077351947,5.429908658006704,-9.418544198763177,-20.976385924200603
2017-06-10,-25.789478410592068,5.38350874917633,-9.422757432135503,-22.108914978133576
2017-06-11,-25.259887314511065,7.027019321275887,-9.133193178965922,-21.503941278201687
2017-06-12,-24.570902125194934,5.921265365660757,-8.8612885849127,-21.041333736132472
2017-06-13,-24.270966354255414,5.880772003747914,-9.942248499870269,-21.47312267414145
2017-06-14,-22.665295435356867,5.5393827338479,-9.959799218395519,-22.123037728999694
2017-06-15,-23.617902026670414,7.038404662388059,-8.68516269431537,-22.554947419044638
2017-06-16,-22.736481016284607,6.459775497665581,-8.209379564432643,-22.24278961394889
2017-06-17,-23.56133506200231,5.309411680827488,-9.280256311972266,-20.9968021538128
2017-06-18,-21.60036866939989,4.9289686726673905,-8.976008663212674,-22.268588739255183
2017-06-19,-21.702565213878835,4.583825250205455,-10.682504419084616,-23.547051098694524
2017-06-20,-21.322104796654003,5.239378724813546,-11.712813842963735,-24.095050168192042
2017-06-21,-22.906835858305815,4.983980463013414,-11.429295211723712,-24.818450412633215
2017-06-22,-22.110960886585037,6.767855101339884,-11.99981881268618,-24.351148574575284
2017-06-23,-23.82366457334708,8.194667985202218,-11.8540819495677,-24.010062889083752
2017-06-24,-24.34524505226239,5.95907341015057,-11.216167712781768,-23.814329041061956
2017-06-25,-25.34895008700953,8.070871467791434,-10.68889691604677,-23.791190232023776
2017-06-26,-24.278850685085583,8.403566012506422,-10.821045242977982,-23.493772608789914
2017-06-27,-23.751945226185015,6.623010734625227,-11.119844545048016,-23.05075797274125
2017-06-28,-23.723236203297493,5.940895817678994,-11.509768356106322,-22.682415374949358
2017-06-29,-23.973487695544453,7.10773506044484,-10.3197335831012,-22.88869428530667
2017-06-30,-22.922125198472916,7.738453306080624,-9.80572669723912,-23.047680719978334
2017-07-01,-23.10284874644493,7.064701693978517,-10.290080223776929,-21.869239094651817
2017-07-02,-22.74683981224342,6.224504769218654,-10.008773207312768,-19.91673572768887
2017-07-03,-22.73578461430434,6.012641727997602,-10.12810021830333,-20.12020829808482
2017-07-04,-22.89632596037358,6.457072178182501,-9.98754241362031,-20.058676169532806
2017-07-05,-21.90002704007521,8.161726179320944,-8.859705423319994,-19.15388262756009
2017-07-06,-22.125291348572706,7.079047279159395,-8.805248800066016,-17.726281482937182
2017-07-07,-21.184538335911267,6.257429439711016,-11.450824734978815,-19.05769415928964
2017-07-08,-22.23403464656393,7.592950611345585,-10.120419047794352,-21.8969058808978
2017-07-09,-23.98154173446439,7.429887287094396,-10.278818439055831,-21.08956576251865
2017-07-10,-26.927624643406666,6.603062157813209,-10.104968369871406,-21.62047522551327
2017-07-11,-26.272883668177666,6.66315288617639,-9.718989216969879,-22.12016973151157
2017-07-12,-26.409363312376133,6.872734520295056,-9.185269237353374,-22.824140440046186
2017-07-13,-26.68496771729815,8.645645929610781,-9.115932309734696,-22.92482967738494
2017-07-14,-24.76462586175068,10.172427510798824,-7.996589910578434,-22.990483981977093
2017-07-15,-26.30409471729566,9.43121361506535,-6.063152818874471,-23.116029236649123
2017-07-16,-25.18222226035489,9.026219660419029,-7.423120054843659,-22.942170362193885
2017-07-17,-26.464250272096297,8.364153272627718,-7.877130368283598,-23.856554185503242
2017-07-18,-25.188752420905164,8.40706184533559,-9.87019143318654,-24.454124558597236
2017-07-19,-26.167097632145513,8.555217045740319,-9.683450836737915,-26.039798597036274
2017-07-20,-25.38955493233992,7.193997925346234,-11.056072390951835,-27.414848869956604
2017-07-21,-26.077824734423185,6.847993595590271,-10.337202543158869,-26.956938480749237
2017-07-22,-27.383547228582177,6.527681174546106,-9.660060628281725,-27.96094376257413
2017-07-23,-27.517409122470646,7.598899760109946,-9.830441830227786,-28.5181863666608
2017-07-24,-26.337643923206663,7.793884446259027,-12.040963919137518,-29.381618121198244
2017-07-25,-25.794768229625596,8.546974957444652,-11.843992991303292,-27.70036331961017
2017-07-26,-26.256891724946655,9.891101596184285,-11.947844770028931,-28.078521837162874
2017-07-27,-26.055677406313382,11.90330941812434,-12.002023151894138,-28.439621461781552
2017-07-28,-27.165413456388816,11.081486713899995,-12.566127515053136,-28.206494382687005
2017-07-29,-27.720434146542562,11.25690646715077,-12.213922424080362,-29.108146462030977
2017-07-30,-29.744560663178788,9.680688781462791,-12.308309535676951,-29.851982653936947
2017-07-31,-30.396656204506236,8.93160876339636,-14.5059050229808,-30.161458093949467
2017-08-01,-30.511016800391634,8.742195414785295,-15.115623611566768,-28.603217544638508
2017-08-02,-29.120123136664883,8.02947990807357,-15.818117261393827,-29.34161434813803
2017-08-03,-27.70017684484089,9.017649635045212,-14.73539566029023,-28.961451132464724
2017-08-04,-28.75264108971555,7.26164992338804,-13.534179040492967,-28.90835687816553
2017-08-05,-29.474360213256137,6.819414360360701,-14.578869189080216,-29.18106957204173
2017-08-06,-28.054955364821122,8.544929672828408,-15.41250313215366,-29.021050563173464
2017-08-07,-26.70741954043234,8.741870418913795,-16.31464610435746,-27.458005025161754
2017-08-08,-26.639568495948573,7.607072716615145,-15.827781604790948,-29.05096738149413
2017-08-09,-28.023767259413287,6.4567066293110145,-15.900251281551592,-30.259688061958588
2017-08-10,-28.874999280922363,7.699108061652951,-15.683682779378731,-29.154694023337033
2017-08-11,-27.481309898474613,6.696632441087028,-15.775441761089594,-29.095853231006696
2017-08-12,-26.412306489774892,7.055581945194755,-16.94192132707518,-27.598217534768715
2017-08-13,-25.727338940653013,5.178946988833885,-16.728303027774263,-29.240407594141477
2017-08-14,-23.914629706913235,4.012979742616731,-17.371637134560597,-30.275968635713078
2017-08-15,-23.46139193118445,3.931755040437045,-17.418991841098734,-29.276767689531223
2017-08-16,-22.809960990158324,4.908986708432995,-17.004577619883346,-30.19604558103535
2017-08-17,-22.85588672171254,4.77619721342025,-17.503853225639883,-28.83622295672111
2017-08-18,-24.664022485487976,4.780945787294455,-17.016238661749014,-28.362834511121562
2017-08-19,-23.607984712413682,4.34942889425717,-15.80772846454864,-27.292640254789227
2017-08-20,-21.338893067222166,5.361761294855803,-15.968202833930297,-26.32708056091196
2017-08-21,-21.231045918151068,5.871771567931345,-16.07354011256893,-25.459499553303274
2017-08-22,-20.50736676328012,4.187169187346488,-17.27340589440397,-25.300654416001734
2017-08-23,-21.360844330889847,4.26461099548974,-18.68194691293496,-23.722016397923795
2017-08-24,-22.15080354761769,3.253633634998785,-18.252581703956984,-24.23611391417639
2017-08-25,-22.403850316077506,5.359403845725754,-17.97936541245374,-24.156726272756178
2017-08-26,-22.180692377042398,5.026396268755638,-18.749243949331564,-24.782539457770294
2017-08-27,-23.309622089417445,5.518410810163762,-19.09271144249201,-23.139018919934895
2017-08-28,-23.480691036151782,4.036278929517322,-19.007948402637894,-23.073265892838766
2017-08-29,-22.744621170019794,1.7320142129796419,-20.262996646878587,-24.204353737424498
2017-08-30,-22.091502959905725,1.7682258586187625,-19.864145843699962,-24.015384745482713
2017-08-31,-22.369751042497192,2.5008079076984986,-19.044758307857638,-22.73958366626214
2017-09-01,-21.048018106084527,2.827910506564472,-18.05052198475867,-22.772876205656896
2017-09-02,-20.163385836443236,2.9256186679049208,-18.75956762640199,-22.516132409520804
2017-09-03,-20.26866921776259,3.1297781187921423,-20.547895187615463,-23.630234477403153
2017-09-04,-21.27041511762898,2.632905856721848,-20.280546839874226,-24.26751173106158
2017-09-05,-20.708100175225674,2.0353473263457857,-19.429729533625427,-24.698406241055114
2017-09-06,-21.74486239881609,2.2164095231386263,-20.264428565706055,-24.657967413865208
2017-09-07,-22.07388421320578,2.277053760990621,-20.108871129837805,-22.842636783597577
2017-09-08,-20.30346180195756,3.3225783437607737,-18.383301158201434,-22.399173924365755
2017-09-09,-20.968851865820987,5.6673940654390345,-18.10697599870318,-21.82419252308169
2017-09-10,-21.289930805100106,5.755903658294946,-17.41930621300547,-22.732405187983307
2017-09-11,-21.568670963777322,6.408069692906681,-18.460162391410417,-23.407016556062214
2017-09-12,-21.682126959454592,7.014652340644788,-18.485966025534093,-22.166019011213436
2017-09-13,-21.011756441443996,6.833834992727329,-19.167268749740437,-21.78070820399415
2017-09-14,-20.70363878993351,6.66357547507643,-19.30073447612461,-22.269966146714786
2017-09-15,-19.843252737766843,6.428389694448237,-19.91813493435365,-22.845031999830212
2017-09-16,-19.50660180839401,6.833172542948259,-20.440036075666086,-24.6062725175099
2017-09-17,-20.184190346353496,5.3327654627174175,-19.921093634416067,-25.24347029348857
2017-09-18,-22.030167834465185,6.225568834726481,-19.086662873341858,-23.929502260842607
2017-09-19,-21.988832833886025,6.731063131918474,-19.535027761011104,-25.50808254174485
2017-09-20,-21.320013128682906,8.863207263246089,-19.745532958391017,-24.536110108611197
2017-09-21,-20.479632901296775,9.00987450220777,-19.304085379522142,-23.65737941142681
2017-09-22,-18.16004370326402,8.575291183030773,-18.337667127161836,-21.660303590666253
2017-09-23,-17.43148069813719,8.134405435841174,-18.701550526163647,-21.62624950146122
2017-09-24,-17.469405567983127,7.071608854624568,-20.392187194398748,-22.03878824074728
2017-09-25,-17.659431181580427,7.493308384062942,-20.969115145073047,-23.963497766100723
2017-09-26,-16.58593119301984,8.362836364046505,-21.680031560998085,-24.582039290892403
2017-09-27,-17.558854097582124,9.700798319139247,-19.273883362461543,-24.474518715386864
2017-09-28,-18.10862101120039,8.285697765094742,-19.226694397174622,-22.63582862786609
2017-09-29,-18.89202163357271,7.576973132049903,-19.434132459198857,-21.865707061484734
2017-09-30,-18.751493741509215,7.8957204052436625,-21.28751448906529,-23.096508678225458
2017-10-01,-19.127136535462228,8.774251723840253,-21.642885134719723,-23.8894790827912
2017-10-02,-18.93924052182151,8.953725465411873,-19.976153944648367,-25.126223990545157
2017-10-03,-17.995857775488084,8.25618021012077,-21.145842293838573,-24.64730901693426
2017-10-04,-17.043357154044394,7.768503811865506,-20.32398058587655,-22.682215570596018
2017-10-05,-16.900801660527744,6.296741254386884,-19.84872233770458,-21.473792870705594
2017-10-06,-15.608127783912124,5.2621274146994725,-18.295308184988343,-21.546668748057964
2017-10-07,-16.404590389229444,4.57058226881058,-17.008441852777867,-19.981274527399066
2017-10-08,-18.519541141672708,4.525520753748175,-18.35987875472016,-18.626521135960676
2017-10-09,-19.586812643861535,5.6355203776303275,-18.223564027064143,-18.441280564056182
2017-10-10,-19.87616231679371,4.78958748361334,-18.016790882387156,-18.44149031690276
2017-10-11,-19.81101952424698,5.100149065358709,-17.57698120958001,-17.89542348454026
2017-10-12,-18.84889382319332,4.992241437088297,-18.386353000022048,-17.966518491725957
2017-10-13,-20.052632589937392,3.987189487716117,-18.108796647460018,-18.713119164697662
2017-10-14,-18.081703614530404,4.36645491475224,-17.341934790911566,-19.23031825650524
2017-10-15,-18.579609664307043,3.1582779515580026,-18.251533289172905,-20.27656661351413
2017-10-16,-21.125876903523036,3.453758577233734,-18.108766228811035,-21.03469800329935
2017-10-17,-21.92449949203019,1.239369851814165,-17.867376842964227,-19.004954648208614
2017-10-18,-23.30401017206668,1.5607100620172498,-16.87474230937011,-18.94291325481491
2017-10-19,-24.730497754349102,2.1334969765536496,-16.37156905339774,-19.37367954411031
2017-10-20,-23.94549058168225,2.2302769471689095,-14.132893376178169,-18.77524619052514
2017-10-21,-22.828775790955408,3.086329337795757,-15.684447107438611,-19.651486270977017
2017-10-22,-22.026999688079876,4.4676309986923,-15.09049698142771,-20.366676853471226
2017-10-23,-22.660990202470302,5.301332811684102,-15.645201177314341,-21.259150358540943
2017-10-24,-20.997164464454624,4.388981754708817,-16.22616532899166,-21.600629324429754
2017-10-25,-21.02620064920484,4.94322374737252,-16.854801886408254,-22.45699264783509
2017-10-26,-20.474126797212886,6.31758449530699,-17.87985246407573,-21.269741796163615
2017-10-27,-20.13953421839926,6.261404158619556,-17.710887859081154,-23.570086489289185
2017-10-28,-19.31608054286267,8.111040400166795,-17.64876737796337,-24.315037612548426
2017-10-29,-20.17392230789846,9.238003430081452,-20.766916730945226,-24.799771369291012
2017-10-30,-21.084550537877004,9.279650580221613,-20.62945455556449,-24.64327506443961
2017-10-31,-21.394665192177744,10.732431720751546,-20.898415229893573,-24.15008553610843
2017-11-01,-20.435693418112315,11.015878039519066,-20.603642726510575,-22.22010672995204
2017-11-02,-21.72817153633962,10.2631186064155,-21.0724160021022,-22.084357826808617
2017-11-03,-21.24299407798762,10.46420721142627,-23.258031647770594,-20.056632125403983
2017-11-04,-21.296567824363276,9.363793719642016,-22.749605498619452,-20.234241221909613
2017-11-05,-21.013808229232385,8.527085829223282,-23.938210872905277,-20.05889662288966
2017-11-06,-20.885288773395924,10.126921226399109,-24.44425983741361,-19.611688233905987
2017-11-07,-21.397970877287904,9.99739344389797,-25.61830596236188,-20.33989432334268
2017-11-08,-22.789461093856346,9.679300797747262,-25.09613240064378,-21.393065749830303
2017-11-09,-23.228387273778377,10.870989638141216,-24.711828550467615,-21.38505037103186
2017-11-10,-22.41738936780941,12.44524693869431,-24.011006703249215,-21.766117607066626
2017-11-11,-22.941939786912094,12.167836691937538,-24.341130705459925,-21.142446090345814
2017-11-12,-21.74848552319544,12.567743557327907,-23.106575375835416,-20.013759580652646
2017-11-13,-23.926823898959682,12.829405974061753,-23.067426998442215,-19.80935297020351
2017-11-14,-24.511853130549532,13.126089884721965,-22.53896821898689,-18.395122180767697
2017-11-15,-25.798818038958427,13.742578290532421,-23.63672646507634,-18.226343168707487
2017-11-16,-25.312298199252766,12.600399898373572,-23.437015503095058,-19.25745716630286
2017-11-17,-24.646079989192412,12.152169591753923,-22.75355067435627,-19.31617628345913
2017-11-18,-23.868097563400653,12.282908752631258,-21.255072302771495,-18.114419285318558
2017-11-19,-25.14419972083757,13.580726547665265,-20.367714775738865,-20.12605797308275
2017-11-20,-24.369078403103224,12.852081907367385,-20.29563199708242,-18.563782542671053
2017-11-21,-22.63628443577716,13.861593423628957,-20.09025881272741,-18.8257078352041
2017-11-22,-24.208612865710535,12.863837694992299,-18.32514652999836,-21.032742920439397
2017-11-23,-25.05311870869271,11.630303870808655,-18.522993757319426,-22.073265483629648
2017-11-24,-23.551957930796174,12.105352199465262,-18.354651525734308,-20.580494559629855
2017-11-25,-24.037749164488368,12.05587364224011,-19.4158041579421,-20.595640951880043
2017-11-26,-25.307163037968884,14.108277547354,-19.765034309617867,-20.429748350486154
2017-11-27,-23.90066889331987,15.028136212081092,-20.092769072528622,-21.900373544705765
2017-11-28,-24.963392086077487,13.738482716264356,-20.20989133325201,-22.75063884580488
2017-11-29,-25.351118575827588,13.527411074981242,-19.84671424986368,-22.99363341624702
2017-11-30,-25.38216142938735,13.680603803564068,-22.39885658835639,-23.302920769669125
2017-12-01,-26.00969279147361,13.66922138825453,-21.959880327514412,-21.67307757527887
2017-12-02,-27.470880354887466,13.794844683588506,-22.15625368318534,-22.671696567105435
2017-12-03,-26.26394295579045,16.348094231917976,-22.103890983457323,-20.991426785441934
2017-12-04,-27.498560587717883,16.99669813103737,-22.75801128388736,-21.756883654813407
2017-12-05,-27.57759878831757,17.177527966512653,-23.18806934075087,-20.93574889492095
2017-12-06,-26.816485677483897,18.844372176344834,-22.028836475628427,-22.069375214505413
2017-12-07,-28.94816311874767,18.55545627343637,-20.958539300800762,-19.401749377263517
2017-12-08,-29.197219834635735,17.1722534177103,-21.737243988048476,-19.721431920828156
2017-12-09,-30.23448524956344,16.222975444190965,-21.710674961721924,-17.81422922744582
2017-12-10,-29.994733123686576,16.154218011856297,-20.937572742532016,-17.97760701979267
2017-12-11,-27.485550316904032,15.586967871353652,-20.334411966964993,-17.48035743587176
2017-12-12,-26.29063500627104,16.522798695815812,-20.197479953869664,-18.56328418822222
2017-12-13,-27.723880572784076,17.67056951779171,-19.97939606103132,-20.263682880218415
2017-12-14,-26.828276933172965,15.565381807922225,-17.274988744353553,-21.56777764606765
2017-12-15,-27.76286218751299,16.023569162433528,-17.2246669403991,-23.96928878165494
2017-12-16,-27.376023444675802,15.120758551662425,-17.52449350541352,-23.77569011653764
2017-12-17,-27.566065650510918,14.656276353539129,-17.51833510783991,-25.86358543604978
2017-12-18,-27.09417095990125,13.830054263796805,-18.412532985648713,-27.111525516201795
2017-12-19,-28.150733813107383,13.649022479198022,-18.05812838784095,-28.424789384312373
2017-12-20,-28.425137117438258,13.6064180824745,-19.08696827836055,-29.145738204683436
2017-12-21,-29.1965578885569,13.379895428864145,-19.589329250994517,-28.551431501184634
2017-12-22,-28.1954669253583,14.208186353186708,-18.63865430671018,-30.795182096432416
2017-12-23,-27.954279100460052,14.378671960262208,-18.16421157852894,-31.407986258809498
2017-12-24,-28.35741318477989,14.108503728285038,-18.36953650342852,-31.712934172548465
2017-12-25,-29.65702217931909,14.477982569107015,-16.615130874185624,-31.54002835388453
2017-12-26,-29.302810569919565,14.562735399989894,-16.97805566076765,-30.31031096982108
2017-12-27,-26.55730258851227,15.07078043242043,-17.15591743448823,-29.29570459531351
2017-12-28,-27.318321321619457,14.590565798604969,-17.416629330628947,-29.61858042281205
2017-12-29,-27.303897098261217,13.755859121457059,-17.523580262782282,-31.145999917258248
2017-12-30,-28.361603126734156,13.2612264246358,-18.60367994351888,-32.05214854501649
2017-12-31,-30.177761912578973,14.207796730489692,-18.431337475777568,-30.925717160779303
2018-01-01,-30.42947858702543,14.398114147363689,-18.35029370861321,-32.5759988955611
2018-01-02,-27.769802825743366,12.762782388860055,-17.420519566109153,-34.137756163626875
2018-01-03,-27.021395108816655,11.341120614553128,-16.11253758221588,-34.68167622569921
2018-01-04,-26.55495833373775,10.720692156751234,-16.765116521197207,-35.67915780882595
2018-01-05,-26.98284826180561,9.712301390369163,-16.82804796555488,-35.977654532017226
2018-01-06,-26.597704864451057,10.027857014751588,-17.121804159474415,-35.661385709020095
2018-01-07,-26.159992861018637,8.400253734491164,-17.051675784210957,-35.82168457533777
2018-01-08,-25.467644460108954,8.99893188854555,-16.68078790268828,-36.68572782179574
2018-01-09,-24.434511143237,9.952932912918936,-16.62602488651197,-37.345819353051816
2018-01-10,-24.074001889799582,10.850262274730383,-15.300143441353047,-37.22968465335021
2018-01-11,-22.633254166399986,10.79214648362145,-16.35494353204217,-36.49411356876768
2018-01-12,-22.141265635609706,9.920903751487863,-15.169838525181575,-36.83988781427445
2018-01-13,-22.935189591007717,9.635837314122474,-13.445139723631648,-37.404489282247546
2018-01-14,-21.496578437095696,8.920848664871073,-14.362415439480435,-37.818725089950846
2018-01-15,-22.29275910887533,8.753242280513799,-14.371553184860966,-37.22916955675797
2018-01-16,-22.20601253241301,9.557919367183503,-14.354405111375506,-38.37007997868831
2018-01-17,-21.002671930953532,9.314038355202399,-15.393482692233349,-37.07784427256525
2018-01-18,-22.26856573975548,7.924565438351408,-15.091969498583957,-38.39320585161643
2018-01-19,-22.020649815430676,8.726846116204626,-16.17096322773093,-37.34744521507516
2018-01-20,-20.77232816346206,10.440015015886102,-18.19642524801219,-37.07719023403211
2018-01-21,-20.910422597126033,11.048224607514927,-18.27949222263971,-37.78910071826294
2018-01-22,-21.868884382740838,10.60963146498909,-20.001296385545388,-36.714031766536756
2018-01-23,-22.465951332745963,11.28042010229532,-20.27341758805106,-36.00026873416653
2018-01-24,-23.326291844405446,12.38334798019849,-18.646202374092905,-35.706383094817795
2018-01-25,-22.687379914743374,12.20447467699433,-19.296991213489104,-36.30330572362069
2018-01-26,-21.445541149259412,11.840551235963796,-20.616201979765105,-34.91901168493729
2018-01-27,-21.495697764283527,12.216723822572504,-22.401725397669644,-33.88439178129602
2018-01-28,-23.17880868785358,11.275331410580327,-20.900457302420147,-33.785064704128985
2018-01-29,-24.707205188594497,11.046627725384768,-22.27094538981662,-34.172212646454454
2018-01-30,-24.059910826441868,10.313688253409724,-23.788516591924793,-33.54635302116531
2018-01-31,-24.339573650202404,11.980052743295929,-23.56139803062464,-31.881124715276822
2018-02-01,-22.765746655674732,11.393709542084219,-23.69721361385928,-32.141829146952084
2018-02-02,-21.499353304882458,12.6441524090128,-25.927614109311715,-31.322627676447944
2018-02-03,-21.038243229310886,12.477284685073549,-24.79011882113207,-30.931664534250118
2018-02-04,-21.0672302203979,10.947911460268216,-24.20626394955521,-31.296444797695614
2018-02-05,-20.67360431587918,11.476613291677372,-25.648047505859815,-32.68850295491825
2018-02-06,-20.648170250653433,10.255348888075066,-25.621408472572977,-32.102131750225396
2018-02-07,-20.891644416263023,8.22518637365637,-25.01397854799161,-31.971619500953523
2018-02-08,-21.657693159860624,11.00247799169611,-26.023243579017894,-30.52960034980627
2018-02-09,-22.23770864236807,10.64043174448907,-26.232930290036794,-30.57016336752708
2018-02-10,-21.801340863652918,9.059643030332314,-28.462222266477006,-32.23841113291311
2018-02-11,-21.908002534166393,9.701240230930182,-27.641954164464124,-32.441381915348465
2018-02-12,-20.528724418228187,8.659332009367791,-28.140797715029397,-32.58145730525168
2018-02-13,-20.88309569935398,9.542731627160594,-28.300140086726476,-33.97763766673828
2018-02-14,-21.421518799058422,10.166938616813415,-28.113217590892635,-35.06699760510235
2018-02-15,-21.637173709243616,10.076720875149727,-27.872818478365048,-34.102092096574474
2018-02-16,-20.818845965192995,10.470251314525838,-28.46714178405605,-35.157682754792276
2018-02-17,-21.540946739637377,9.884093000194197,-29.15245398356997,-33.75445489102442
2018-02-18,-20.49338720004451,9.683469969816334,-28.065762717338767,-34.30762383599723
2018-02-19,-19.562526310952524,11.303426064430472,-28.18754032547199,-34.92979623050231
2018-02-20,-18.89788037991313,10.36618856260589,-29.169911701548866,-35.92533006628875
2018-02-21,-18.26157441287206,10.263069334722058,-30.121654402870053,-35.233407819318394
2018-02-22,-16.521165952718878,10.129207511438908,-30.39631520124152,-34.34408441830516
2018-02-23,-16.457011418717062,10.328844008250702,-28.719589225087425,-36.203524501997904
2018-02-24,-15.990888370915393,10.922712846349485,-28.8033941624053,-35.81418550969063
2018-02-25,-15.317914834796026,11.030906721241562,-30.557337904716675,-35.39631976208783
2018-02-26,-15.313775903016662,9.667699251896584,-31.748957160022563,-35.80953803822779
2018-02-27,-14.845278207055724,9.777195907359822,-30.29199584058652,-35.12422803442023
2018-02-28,-15.87617588309593,9.53361986293593,-30.59082817024357,-34.93767552892731
2018-03-01,-15.466416000981802,9.90329120522946,-30.052459518913594,-34.9441619794413
2018-03-02,-15.748148472724594,9.937456920558473,-30.534393450391757,-34.44992985797505
2018-03-03,-15.76686000350357,10.093524326725351,-31.44257699138473,-33.82623656428705
2018-03-04,-15.524694985484667,8.702214833250641,-30.646954653037547,-34.17360599387899
2018-03-05,-15.435873503071637,8.104944588257132,-31.249694249106877,-32.913979228408806
2018-03-06,-14.983711681119253,8.723941601606017,-31.593774464733986,-32.757358697345495
2018-03-07,-14.410381929034065,7.958453319909196,-32.404883591822774,-32.535301964291804
2018-03-08,-14.278055380658719,7.565246404758318,-31.549804246510995,-32.72883098486139
2018-03-09,-14.52724402377801,9.114462581288732,-31.381976546286705,-33.10292681685696
2018-03-10,-14.470987705210849,7.970703670717993,-33.05897531282685,-31.128047286316473
2018-03-11,-13.968420600715941,7.308731684502351,-32.55154863882663,-29.795852205375063
2018-03-12,-14.396187065546815,6.564626335616906,-33.20698655866799,-30.361174784075654
2018-03-13,-13.753462676525828,5.987739877822273,-34.466469360603945,-30.21843552644149
2018-03-14,-14.302406326728335,7.366015392824245,-34.649140465504445,-29.41225322532775
2018-03-15,-14.13335521771633,7.655890795295092,-35.1863241707107,-29.355771795153625
2018-03-16,-13.951115032309554,8.11463682747115,-34.35735316529413,-29.651619273413285
2018-03-17,-13.617038031237016,6.528619537441143,-35.50150579655213,-29.872069946976172
2018-03-18,-12.834728652263735,7.1798302352880174,-34.97560992239243,-27.54981223756115
2018-03-19,-13.054203115449557,7.7245846247275445,-35.8572519518737,-26.96796232802336
2018-03-20,-12.03648806920446,7.825943960268791,-37.55100374285506,-27.828518490446026
2018-03-21,-13.066572341965554,8.034440933025287,-38.014312535661794,-26.397613084558138
2018-03-22,-14.322418534444715,8.629690536927093,-37.179918635185295,-26.490763950198115
2018-03-23,-15.671606704369795,8.132442212085767,-38.87302016765093,-26.12839679760874
2018-03-24,-15.877223780579829,7.5370034049999735,-38.521359440168816,-26.355442355587414
2018-03-25,-16.012973196187634,7.301056704676614,-39.78757916045664,-26.70791655828101
2018-03-26,-17.086140092411156,7.952046960481304,-39.273226757760156,-24.969185182632682
2018-03-27,-16.325013140890675,8.193564391749094,-39.30152648612326,-24.991248095531635
2018-03-28,-16.876223017501886,7.329598515656788,-39.089440218143245,-25.005655139767388
2018-03-29,-15.393599196363606,7.509297756681324,-38.70865949514639,-23.072127089277195
2018-03-30,-14.585516641327041,7.914087190476229,-37.26105449547817,-22.700328588948025
2018-03-31,-13.26593847721772,7.179144297458959,-38.021533803767745,-24.91902865088512
2018-04-01,-12.39098338048535,6.271230702190036,-37.60852210775288,-24.94566244170692
2018-04-02,-12.279304430017687,6.385556620153115,-37.1883430650398,-24.628254651588332
2018-04-03,-13.752925968401476,5.418043062398741,-36.535402948251466,-24.498529166070913
2018-04-04,-14.549674348662556,4.851957049459863,-37.45607305138805,-22.96803577964243
2018-04-05,-15.812860335174525,5.217661758342381,-37.55053729335336,-22.422600699383963
2018-04-06,-14.3440943437059,4.200740195661479,-36.98287753702416,-22.85595241336962
2018-04-07,-13.307397012302676,2.473089434390631,-37.31926541575063,-23.31440394262579
2018-04-08,-10.53882729688565,2.9080004022736254,-38.7555542542505,-21.58187871077925
2018-04-09,-10.69505297573327,1.533255450748081,-39.48381309413282,-19.64462187636918
2018-04-10,-12.299221208499882,2.27736941342482,-40.906481431131276,-18.311635348027455
2018-04-11,-13.962112891463208,3.254014276932806,-41.00438997310187,-18.823065807981784
2018-04-12,-15.208228127023215,4.563193811282257,-41.66587717238123,-20.024328309135463
2018-04-13,-15.63130081634286,5.574043945634208,-41.68717486105218,-20.419731364565415
2018-04-14,-16.598779082465335,3.6392858099122365,-42.00632404374771,-20.226471883998563
2018-04-15,-16.975445036738627,2.1800665704667557,-41.20751923659486,-19.519768479232578
2018-04-16,-16.718918749138616,1.9524221831762547,-41.817473467970665,-18.459918910041544
2018-04-17,-16.6963025081456,0.42952668256756477,-44.047843166486345,-18.612185307985136
2018-04-18,-15.893569598914485,-1.3573192329793868,-42.822602040850875,-18.79661234328468
2018-04-19,-15.291785849597186,-2.762705712345672,-40.15226308482046,-19.285399797177366
2018-04-20,-14.573393643937994,-2.3255438759764107,-40.359039880774695,-19.563105793079817
2018-04-21,-17.311103028912985,-1.0447785170560564,-39.690736144123846,-18.988832663410644
2018-04-22,-16.293266970742128,-2.5453904218145187,-39.60907443159831,-19.26734989071834
2018-04-23,-17.350680198736892,-3.317558183136979,-40.261583356915985,-20.416185271371543
2018-04-24,-17.480858688546093,-3.1292460190579616,-40.09121681054571,-18.385454132559722
2018-04-25,-17.86332480785158,-3.493493416319426,-40.708919783958606,-18.161849439127902
2018-04-26,-16.87860448065671,-1.3687260438226692,-42.1817032398344,-19.71691646782588
2018-04-27,-15.824833894479701,-0.8630910112069528,-41.26884276956593,-19.446196693320438
2018-04-28,-15.19235686838324,0.9656627276333216,-44.370005906343444,-19.204736833236947
2018-04-29,-17.033828888274968,1.7777499374579302,-43.84715477777575,-19.25907459753789
2018-04-30,-16.264263767724966,1.7654658023291996,-43.3577002293471,-19.748648012658755
2018-05-01,-15.408071491866835,2.0888579621238765,-43.79201473812666,-19.550713379339385
2018-05-02,-15.42331573381024,2.852401568788252,-44.70411051380712,-19.593161519537194
2018-05-03,-15.744489096139066,1.5449345723669328,-44.64802686238445,-20.41310204728812
2018-05-04,-15.090370478194126,-0.6269054080881953,-44.678356837569574,-18.842548566481366
2018-05-05,-17.121408008236436,-0.08389896070307745,-43.784680937865886,-18.811571625939447
2018-05-06,-17.18024901982824,-0.7885685540436591,-43.597660060947916,-18.340813224759287
2018-05-07,-16.90546535076943,-0.4788503870379454,-43.79327220389997,-19.85711615144605
2018-05-08,-16.981602693985653,0.3363142254555009,-43.63812384693875,-18.881031157262434
2018-05-09,-17.754025672266394,0.7840814996159732,-42.936227243936955,-17.84048553561267
2018-05-10,-17.18993706109371,-0.23925479558939233,-42.233736125227615,-17.494586103527606
2018-05-11,-19.030412958451606,-1.7287591019937496,-41.88360763838275,-17.634972724953936
2018-05-12,-17.530715153995175,-3.8206679750258634,-43.652824221826194,-18.312207799557605
2018-05-13,-19.08605552575004,-4.2531531151147774,-44.39206361072551,-17.660218477756363
2018-05-14,-18.679715019148972,-5.396731302581688,-43.17697903860045,-17.030069258105534
2018-05-15,-19.037536131539827,-6.076559538983169,-43.410063160328285,-18.80670439836377
2018-05-16,-19.125923400866572,-6.819478259250683,-42.695166190417396,-19.33865733106203
2018-05-17,-17.002488419345937,-9.125920847227919,-42.84341621317527,-20.416401746141617
2018-05-18,-17.249672359364045,-7.800836734418926,-42.563594519299016,-20.375594283605924
2018-05-19,-15.74766663531079,-7.897209015574927,-42.913160046380945,-20.64362005036428
2018-05-20,-16.220718392344345,-7.335256330991724,-41.79119012771529,-19.113244809354537
2018-05-21,-17.503588246632816,-6.8290896900505915,-41.72801217044056,-18.589878845063954
2018-05-22,-15.6965216514428,-6.693435987069466,-42.110299847688545,-19.775127108720206
2018-05-23,-16.282191217752914,-7.470010721516427,-41.711792850487754,-21.579608984723194
2018-05-24,-15.172324081558372,-7.653618256508665,-40.94015322718556,-23.392967746026972
2018-05-25,-13.99640147965741,-8.868491353444321,-42.09276266785326,-21.641825023661664
2018-05-26,-13.638686272426467,-9.866688867777416,-43.85448335683946,-20.48869777802171
2018-05-27,-14.52961832938659,-8.519070152372437,-43.71368094935355,-20.006700239772986
2018-05-28,-14.385303168529983,-7.938202144555501,-43.08172474258703,-21.274232475214873
2018-05-29,-13.292445214726973,-8.683422769042911,-41.19645211663839,-20.71226648914336
2018-05-30,-12.785273215759188,-8.647087257757134,-40.92967263759942,-22.07630299491787
2018-05-31,-12.202691965468343,-9.068959248315046,-39.34199477362947,-19.943594121519357
2018-06-01,-11.214839942891325,-8.762839949182322,-38.014834402779215,-19.069932285604537
2018-06-02,-11.990939035683972,-9.226234618135463,-38.95927631183608,-18.366676172965477
2018-06-03,-12.392517776837582,-9.224242477945197,-38.45756525303217,-19.5531110724205
2018-06-04,-12.683038235152983,-8.496293067385539,-39.57237442787605,-20.253110123184772
2018-06-05,-13.490924648321334,-9.679224568347,-40.63290227624615,-18.73782577091094
2018-06-06,-14.044819892484446,-8.618811997636051,-41.48038560044778,-18.91404832062419
2018-06-07,-13.258827895726455,-8.83829024417214,-42.67683024509149,-19.524659597380282
2018-06-08,-13.142589844758437,-9.380611024595344,-42.409349847417374,-18.922322277562444
2018-06-09,-11.239601960707192,-10.079100758774208,-43.50240537661777,-19.28938808760144
2018-06-10,-11.008872097054747,-9.466142830749217,-42.968493814769346,-19.92139647999197
2018-06-11,-11.992350122799909,-9.38507787395417,-45.23998175465058,-19.66048561694593
2018-06-12,-10.838175813347902,-9.177013744045752,-45.459958733270085,-19.045243350469903
2018-06-13,-12.526430065422177,-9.172349568778937,-44.72592586514293,-18.80753370379641
2018-06-14,-12.99144686020375,-9.561607671891304,-43.359031260198726,-19.43692878216115
2018-06-15,-13.191849082506348,-9.103283225022903,-41.61502717413256,-20.064026975289533
2018-06-16,-14.746412429633983,-10.851510030416431,-43.68769710278975,-20.06943348285511
2018-06-17,-14.24809616413572,-10.142510646018371,-43.49387092292484,-19.994894872119207
2018-06-18,-15.200130273427078,-11.258956261481167,-44.34663047961114,-20.904344560792246
2018-06-19,-15.7566875946085,-8.888463432999274,-44.15113703215832,-20.545120986192728
2018-06-20,-15.942909636494326,-8.242297637989509,-44.76020883332538,-19.853598125651455
2018-06-21,-16.36698448946718,-7.635621188328151,-44.4975023739674,-19.125426094127626
2018-06-22,-16.304887340692776,-7.5737924290084075,-44.773405686692335,-18.124481716197238
2018-06-23,-16.327225338450752,-8.362593756074387,-45.07237271848849,-18.22167477991787
2018-06-24,-16.042246007956294,-7.97979417949423,-44.79062540949802,-18.974826177320686
2018-06-25,-15.709114896172167,-8.214107927389229,-43.15007747681013,-19.713709673707104
2018-06-26,-16.08632413461853,-8.626034143463968,-43.225052205539534,-19.09515000724104
2018-06-27,-16.53581131732914,-10.798793438055535,-43.55837279805996,-19.30033751066715
2018-06-28,-15.210605599825715,-10.696618664057633,-41.812323008496385,-19.566658255408914
2018-06-29,-14.736398168735258,-9.835150774383882,-41.36936246970927,-19.19489890478935
2018-06-30,-14.986198312940765,-8.389182094590067,-38.79498018463803,-19.235400464118495
2018-07-01,-14.591207159550793,-7.3939882605642175,-39.40919179461338,-16.830635224426402
2018-07-02,-16.109153692009887,-6.463287472360303,-39.042955838250585,-18.8370279698655
2018-07-03,-16.25045675974564,-5.316764006953686,-38.70685818027566,-17.667187042441153
2018-07-04,-17.014028714605082,-4.156389981231184,-40.261556015390056,-17.67721666601294
2018-07-05,-16.506003318774084,-6.256172046137488,-41.506801006895266,-18.139523215383647
2018-07-06,-15.015133818690728,-6.432390332890552,-42.087234503596505,-18.27958648954379
2018-07-07,-14.345232654018142,-5.368571562016114,-43.01423430261149,-18.875026015229416
2018-07-08,-14.230718893851813,-5.979880846772531,-44.408372543360706,-18.60351807458173
2018-07-09,-14.16183293675609,-5.438455703729207,-44.23713076507528,-19.0499331121446
2018-07-10,-15.168666350746358,-5.457863935669245,-44.958899695285936,-17.923210928146194
2018-07-11,-16.647649437777293,-4.3188278466331615,-44.49387720917736,-19.22932373801669
2018-07-12,-17.829207784033912,-4.909814713712069,-43.57058049456208,-19.10763493747776
2018-07-13,-17.417595364450754,-5.0360823360578895,-43.821657832669075,-19.924910789105365
2018-07-14,-17.762259080514816,-4.391885999929628,-43.993038393769694,-19.240845540444965
2018-07-15,-18.617423214699933,-4.918586558171468,-43.8176254019844,-19.82160230183073
2018-07-16,-18.677927950503978,-5.003456413581385,-43.234223932283,-20.12469544771294
2018-07-17,-17.73890133027997,-4.374750888801752,-43.087750773314376,-19.50661822553995
2018-07-18,-17.956342398424244,-4.696106938767796,-46.16049593709079,-18.803130111498515
2018-07-19,-18.316538752020495,-4.429227970140906,-45.47375723579207,-17.833467455078896
2018-07-20,-18.689369738616282,-4.189373443792606,-45.598503887187874,-18.262661610896945
2018-07-21,-17.974649249900267,-2.9721340310929865,-44.754941175795395,-17.79691559441822
2018-07-22,-18.236421915683067,-1.5344554463841313,-46.206221591249744,-17.48073545723534
2018-07-23,-18.085592895929228,-3.613592951070001,-48.09496390950484,-17.08628192822905
2018-07-24,-18.37974111933175,-3.3572950091887295,-50.150018016759965,-17.85885283221781
2018-07-25,-18.36461146028919,-3.2201388473296104,-50.79505995328545,-17.43480394197065
2018-07-26,-19.312308986690233,-3.955465042094837,-51.535049577678166,-18.838836971497212
2018-07-27,-19.061593610417418,-4.160643687424602,-50.138925835855396,-18.291759060578304
2018-07-28,-19.014987654087985,-4.247661935598651,-49.434947682447714,-18.76004794722499
2018-07-29,-18.261836382572564,-4.606085993115143,-48.526253489164176,-18.136875415930678
2018-07-30,-14.636618861563822,-4.35807969339697,-46.90720827657606,-16.358562223133312
2018-07-31,-15.840626246263152,-4.756012635350697,-47.76686962994015,-16.42110346421609
2018-08-01,-14.459667071939307,-2.6951069434762394,-48.17502440761983,-15.896944207767536
2018-08-02,-16.353486827803707,-2.579410620931243,-48.721472514102324,-14.056390512923869
2018-08-03,-17.082051663169857,-2.0135507837618785,-49.9958030912495,-13.75014638197092
2018-08-04,-18.020301634564177,-2.5910739960434066,-50.73834137784018,-13.981071451018268
2018-08-05,-17.14017970693204,-3.6668551433039616,-51.62044287230777,-14.672012248143869
2018-08-06,-16.392494000936455,-5.855186029622661,-51.71982786415975,-13.079282357056083
2018-08-07,-16.462594967114562,-5.5470148003036135,-52.499189396613154,-11.950419792209988
2018-08-08,-16.21331036307824,-6.600937160708202,-52.46029955114781,-11.18527995617431
2018-08-09,-16.166300321613758,-6.051848677425132,-51.159472585428965,-11.186196481813491
2018-08-10,-16.078437223561902,-5.525716862994386,-50.26580892279675,-12.20532995497399
2018-08-11,-16.927711200935,-3.5176765771212173,-49.388071919129935,-12.771025926390065
2018-08-12,-14.72539680852223,-3.254261401659033,-48.90493154380506,-15.197888059760905
2018-08-13,-13.941742020416406,-4.6620807168252245,-49.18369525360807,-14.903046197446711
2018-08-14,-12.504051264346513,-4.355049753283588,-48.418517618965836,-13.770507151556638
2018-08-15,-14.24226058633313,-4.783580976176224,-49.55839261623481,-14.280096248057847
2018-08-16,-15.125540019991082,-5.215972070089914,-49.951850252366505,-15.481546510347735
2018-08-17,-13.003619028639001,-4.832291659980838,-49.92587270474671,-17.074958925006747
2018-08-18,-12.397332803990182,-6.288455659504052,-52.67328817780004,-17.57137007036814
2018-08-19,-12.289245909452076,-7.310233190969095,-52.21340693517428,-16.178081519529577
2018-08-20,-12.133847780385704,-7.47544236526587,-51.747870871786525,-16.06162357160968
2018-08-21,-12.496812108867998,-9.317851022180204,-52.0071909341591,-16.27847278995737
2018-08-22,-13.409667526414614,-9.277007472270588,-53.373130715301706,-15.849953437973978
2018-08-23,-14.830340187252142,-8.899968869246461,-55.09636452434303,-16.223133260840708
2018-08-24,-14.4056275968313,-10.475907988870112,-54.620934654662975,-16.708212900319243
2018-08-25,-14.575806502051162,-11.351490357851864,-54.57166697738802,-17.03144250510977
2018-08-26,-14.026001998935627,-11.524709608949024,-55.465944931367,-17.26328000545153
2018-08-27,-15.03109795011589,-11.751914628609619,-56.86459792225356,-17.675799882545387
2018-08-28,-14.873454917300537,-12.783033173293553,-59.40083944829747,-17.20907110467858
2018-08-29,-15.152517867659384,-13.256015683468608,-58.41691920064511,-18.998533430959355
2018-08-30,-15.224419863555909,-14.776982308422097,-55.89688907953812,-19.283814376857823
2018-08-31,-15.820112018094129,-15.013209362042863,-56.927087304853615,-19.386397034780252
2018-09-01,-16.584184490066754,-14.51524572848147,-57.92252210055794,-18.404666166004432
2018-09-02,-16.947002744323306,-12.719994670837252,-58.950966267999554,-17.080472086698933
2018-09-03,-14.394529174971673,-12.167427429810243,-57.59029978891767,-15.910406773533618
2018-09-04,-13.417905952974724,-12.214526591465527,-57.24104815158987,-16.953723837028097
2018-09-05,-11.591904746266303,-11.792117381216253,-58.37713427474293,-17.78924028935851
2018-09-06,-12.83103491044028,-12.166446754786516,-59.23607815971572,-16.222431818782276
2018-09-07,-13.742542015554628,-11.970109428142496,-60.26305573472452,-15.647531672675937
2018-09-08,-15.124732786810938,-13.118376767016866,-59.805643289683005,-15.195961457143184
2018-09-09,-16.042062580924846,-13.498729686247408,-58.00842174970907,-14.780579838693056
2018-09-10,-16.347885606802002,-13.924689406697665,-57.144213182152775,-16.25023997380727
2018-09-11,-16.58842646132764,-13.011728893676418,-56.27118605122987,-18.207235342733625
2018-09-12,-17.413299703151427,-13.274332425068993,-57.121033249116365,-17.931401510182717
2018-09-13,-19.09514303337554,-12.980069428868031,-57.36190564875874,-18.248327066874776
2018-09-14,-18.562886285187933,-14.815175848905138,-55.438661267115414,-16.922464514662092
2018-09-15,-19.229876068847453,-15.597623637095046,-56.818297920587305,-16.013075520417257
2018-09-16,-19.294300447346856,-15.159319578221018,-57.719397133536226,-16.708239174107
2018-09-17,-18.76415789920882,-15.431572543214742,-59.5890755924609,-17.785377018117476
2018-09-18,-19.573452948555225,-13.32165125486009,-60.76288158142099,-17.45731366670017
2018-09-19,-21.59910546897069,-13.63806031584382,-60.4922968156279,-17.56227666391792
2018-09-20,-21.672501444657218,-14.403115435332518,-60.967422826294914,-18.37586721076714
2018-09-21,-19.944174682785754,-15.03763227327665,-62.139317159507016,-19.012047723414884
2018-09-22,-19.37419049105566,-15.22747366007765,-60.75678713121975,-19.09053577087435
2018-09-23,-21.17264661467268,-14.427292506007271,-61.38335931756944,-19.319749963539394
2018-09-24,-20.286631001007084,-14.58010152536559,-61.3706859364356,-18.09692497962805
2018-09-25,-20.690906179842685,-15.52044418147774,-60.63507326517495,-16.660075107224742
2018-09-26,-20.24379611130989,-15.772501945650657,-60.250888996740855,-16.76518264597775
2018-09-27,-20.57866666686629,-16.31053851712152,-60.39251069580656,-17.420720648497706
2018-09-28,-22.10759211426519,-17.310441723981096,-60.262883199277596,-17.02248049782525
2018-09-29,-21.84487945033178,-16.48685374630279,-61.07919089570547,-18.95173264321573
2018-09-30,-21.96340436459704,-15.392718807538802,-61.195252739943356,-21.59784054127838
2018-10-01,-23.167009922067262,-15.54142596250924,-60.378056495766415,-19.926683020143223
2018-10-02,-22.935084620129395,-15.621173358537192,-60.04084040715693,-19.97259791736319
2018-10-03,-23.207597831052915,-15.00227976770547,-61.44559750901309,-19.29367814016174
2018-10-04,-21.472029921921965,-16.013462420130672,-60.48586558121122,-20.57336284256889
2018-10-05,-20.564450421918202,-16.105740714275385,-61.52886808970025,-19.182068446846333
2018-10-06,-20.82092565267492,-16.296385903227254,-62.26931383278689,-19.371195125267207
2018-10-07,-21.83730766670765,-17.584357687994302,-61.557481510524646,-19.371958211924447
2018-10-08,-19.775320272332912,-17.665522259822534,-62.3361188858378,-20.479210861864118
2018-10-09,-19.94811133840094,-19.4945189040716,-62.520159380309266,-21.81289492490519
2018-10-10,-19.7620416275741,-17.791066061521875,-61.72221898919539,-21.699791820070097
2018-10-11,-19.218544657394283,-17.232623330228034,-61.540864065757944,-22.82203160094518
2018-10-12,-19.17576894070122,-17.254076580870006,-61.71255235274423,-23.579701649070095
2018-10-13,-20.29975044675849,-17.388681894425847,-61.66589596412936,-22.774008152375885
2018-10-14,-21.120297218385957,-18.705141617389426,-62.23997982589581,-22.257079791650476
2018-10-15,-21.51864044497137,-18.74485495467545,-60.54429214302159,-21.78012061712321
2018-10-16,-20.607200504928656,-18.820566745617704,-60.449951814208134,-21.130247825929292
2018-10-17,-18.85850127674042,-18.81034485925864,-61.006212565697055,-22.10503065447316
2018-10-18,-19.11894162268585,-20.118755745654134,-59.05862810558255,-23.547079204360042
2018-10-19,-18.577019021234765,-19.480674904229165,-59.042143494829574,-25.432082090690546
2018-10-20,-18.780371066125625,-20.548246909086735,-59.48750347897108,-24.82167992162179
2018-10-21,-17.71684375611604,-21.981498260640908,-59.539652043945715,-22.77157381542645
2018-10-22,-17.03060795921399,-24.61823751569096,-57.628515036129215,-23.639532137856644
2018-10-23,-17.064315984220418,-26.19353938260953,-57.49849764015552,-22.935087107195315
2018-10-24,-17.580722747054153,-26.191810544924415,-56.27166031468604,-21.589162115735927
2018-10-25,-18.671855062879192,-26.38856661363446,-57.48223849954059,-23.466799775075856
2018-10-26,-15.576892451832407,-25.775298610312838,-58.27565048184162,-24.25317344325212
2018-10-27,-14.759241062165351,-25.160469153440737,-58.08902325272945,-24.675456015073802
2018-10-28,-15.175175457405217,-25.004136442527162,-58.19136842376184,-26.189226591792586
2018-10-29,-16.318250327327835,-25.329126593193035,-58.09344430420844,-27.913592046396367
2018-10-30,-16.69823352784031,-24.433050711831065,-57.99942678077548,-28.74208387785243
2018-10-31,-14.56748051090487,-23.190445252038238,-57.47124710842753,-28.126775967791968
2018-11-01,-15.296264727086477,-23.202313843869003,-55.770802801982946,-27.976649857900522
2018-11-02,-17.221800674098894,-23.471463739568442,-56.2133182065113,-26.49417319004078
2018-11-03,-15.512630386657882,-24.18819303697291,-56.56119021112444,-27.83196253673385
2018-11-04,-15.769930121374525,-24.363504421729846,-56.43264517682723,-28.29566481852273
2018-11-05,-15.985216910874763,-25.236750303191236,-57.73094548612955,-28.987639976114806
2018-11-06,-19.857396784294977,-24.68553320475701,-57.99972916941813,-29.070887246359046
2018-11-07,-21.173532550840267,-25.179118127928305,-58.76719524088929,-30.27874526217967
2018-11-08,-21.472760227236968,-25.657038878694422,-58.3697616984487,-29.17938825921792
2018-11-09,-20.230317761671017,-25.528508895136007,-59.30476177648994,-29.510436510275245
2018-11-10,-20.011286959160007,-25.021232139994606,-60.538422839356265,-30.686222275738153
2018-11-11,-21.146926478907755,-26.12127950035875,-59.67706626687281,-30.408253211817346
2018-11-12,-21.02880390560649,-25.20273162213031,-58.773329383822876,-30.843123376273898
2018-11-13,-22.13686392306923,-26.496541798026108,-59.13260852559257,-31.774034386056673
2018-11-14,-22.500491175713503,-26.785947571073187,-60.46494063098641,-31.45263799653824
2018-11-15,-22.243081575458227,-24.78271059772429,-61.75388262905698,-31.359815834945998
2018-11-16,-21.178547416348373,-25.774189686319062,-61.86996178637455,-29.21913608858165
2018-11-17,-21.467557643350688,-24.49461345053134,-62.115308503764865,-30.01392364190636
2018-11-18,-21.76628033925219,-22.878647140795763,-62.07288763109107,-29.165876108353935
2018-11-19,-22.03876857630903,-22.332885514955368,-62.02216271927025,-29.50194933645169
2018-11-20,-21.28396419680459,-22.225628481587346,-60.510816262288756,-31.526431296601746
2018-11-21,-24.46490581794867,-23.552875745625695,-60.16892410735177,-31.867343515565846
2018-11-22,-23.519028981569488,-23.618831946172612,-60.68194089669293,-32.406670931511215
2018-11-23,-24.91572075513379,-24.45951579184943,-60.5558770105602,-33.57934187941273
2018-11-24,-24.276740757118294,-24.390021662470435,-61.31340488112145,-33.23452758555217
2018-11-25,-24.33437665648733,-22.894672078634922,-61.027531961930606,-33.51880745050318
2018-11-26,-25.24146277649612,-22.494112192196255,-62.12636287261264,-33.77360094950198
2018-11-27,-26.597267452457952,-21.168842752879623,-60.28254259740917,-33.33462288450546
2018-11-28,-27.372960812149092,-21.101875631711625,-61.093996467882974,-34.07890837510338
2018-11-29,-27.22129768931813,-21.436197199690625,-60.54018609864386,-33.86335350826444
2018-11-30,-26.89562288659038,-20.314988849372643,-59.44007929184227,-35.21533743614801
2018-12-01,-26.646170667623736,-21.656752277146456,-58.53341096637989,-35.336239877217956
2018-12-02,-26.732142931859006,-22.19596007685622,-59.44792472045302,-36.19544981047622
2018-12-03,-26.3928249469094,-21.35461048140463,-59.22677100701919,-36.34789436239833
2018-12-04,-25.33614526034545,-21.96196216903547,-58.10292573360861,-36.24816493946552
2018-12-05,-25.93897138112203,-22.59789259547153,-58.05828081452783,-36.02248038556239
2018-12-06,-23.208053012043273,-22.436934031667818,-59.05120980704238,-34.80251140768903
2018-12-07,-23.27176330150703,-21.660152446788057,-60.60657451893564,-34.672561202911226
2018-12-08,-23.25514293286828,-22.53534528998417,-60.957847811685,-35.144222786491284
2018-12-09,-22.600087020809486,-23.323804347247435,-59.79722135658889,-35.59395907461342
2018-12-10,-21.92324098746667,-23.42069542199369,-60.51132185537905,-35.80722727711466
2018-12-11,-22.047058036241236,-25.296423023123385,-60.34243299188406,-35.38909037178177
2018-12-12,-20.781366200981463,-26.12176577277308,-60.210760519631144,-36.22643621918847
2018-12-13,-20.981521531438574,-27.731615671298925,-60.884505063357686,-36.44648964985583
2018-12-14,-21.36628055826212,-27.78662202443034,-61.89874656863516,-36.82094274235241
2018-12-15,-20.085180562147624,-29.846862996696736,-62.87092443734268,-37.23768920881083
2018-12-16,-18.63470846954892,-30.026551987163288,-61.05250757257228,-36.78987665382043
2018-12-17,-18.847602607411247,-29.55413764894578,-59.79659650757816,-37.79677538389513
2018-12-18,-19.439185629331547,-28.937067061598697,-60.68061021021323,-38.54758125075683
2018-12-19,-21.290021030497048,-28.765053740564127,-61.46981600742924,-39.58228456220094
2018-12-20,-23.221275843971668,-29.67423514469711,-62.334144486455244,-39.71357600056207
2018-12-21,-22.036699806063822,-29.361786830722373,-62.33244115360852,-39.11096686952711
2018-12-22,-22.42117940802117,-31.012180608618035,-61.90258053653659,-37.822129421584165
2018-12-23,-22.65861581245986,-32.37760384048154,-59.30197365064732,-38.75360680810968
2018-12-24,-22.400298517985338,-33.23901288674852,-58.88482421865808,-37.78091265606473
2018-12-25,-22.94481868518589,-32.68747090695159,-58.93701104374658,-38.15134524734952
2018-12-26,-24.694991317196312,-33.305162339016206,-59.02136404876346,-38.31920622658701
2018-12-27,-24.407453650572545,-34.397185999316065,-59.753555395271825,-35.51527964066182
2018-12-28,-24.016839292421352,-34.44497964215894,-59.9406387906754,-35.13593316212831
2018-12-29,-24.214015663718914,-34.309085040862726,-60.529299543914156,-34.42834896808188
2018-12-30,-24.161863023921487,-33.625166559014836,-60.65434135231162,-36.88536091735752
2018-12-31,-23.844489082896054,-34.13792740073356,-62.04928018548648,-36.265973793015156
2019-01-01,-24.523656320609053,-34.901405336064755,-62.666404499777364,-35.84056972930384
2019-01-02,-25.0139304314768,-33.34521207465905,-62.73960584040599,-38.08500617993855
2019-01-03,-24.79735584861009,-34.075412088691245,-63.5058868771212,-37.739012227274614
2019-01-04,-25.42362301589776,-34.86941669581595,-63.66019871252474,-37.34516811236406
2019-01-05,-26.484307410679175,-34.49848071442916,-65.61472975810298,-37.50273018890475
2019-01-06,-26.303263589294705,-34.867131386598686,-65.36492545589108,-38.87327276228527
2019-01-07,-24.973509180377715,-33.40164846149242,-67.38796733453738,-39.846709220272075
2019-01-08,-24.23565724423751,-34.37643341538709,-66.7796048520787,-40.057905141707174
2019-01-09,-25.819297602981752,-34.32482565966335,-68.07449803499652,-39.829828076777595
2019-01-10,-27.58520645390644,-33.99122694800592,-67.40087367189275,-39.72189476543556
2019-01-11,-26.49490365802806,-33.62723356542447,-68.25398306497448,-39.77203955855009
2019-01-12,-24.159225879442904,-34.50911271333117,-67.59310762862405,-40.039724123596564
2019-01-13,-24.4654929463973,-34.33915587892721,-66.34705258297929,-39.91324161296507
2019-01-14,-25.062086016752936,-34.67061510325554,-66.57948080874671,-41.908524915282804
2019-01-15,-25.275736216692074,-35.210594203436614,-65.50158511044322,-40.966490516463224
2019-01-16,-24.79644709991083,-33.483861130452944,-65.58630912874406,-41.82293454433956
2019-01-17,-23.84723051645874,-33.56295183467715,-66.00087091439288,-41.09764233533482
2019-01-18,-23.42188655307807,-33.6898369828837,-65.31420294371381,-40.0175987796895
2019-01-19,-21.46815358312279,-35.00491325784898,-65.1726537508212,-40.27290142147703
2019-01-20,-24.2606399415347,-34.57406744528726,-66.08509614843499,-41.140206642706076
2019-01-21,-24.45960994047276,-34.34035260464621,-64.6192261802778,-40.85982496460818
2019-01-22,-25.64958368179549,-34.11240219201351,-61.21117689520794,-40.01325927493225
2019-01-23,-26.10984059289438,-33.477391508585804,-61.9093262098863,-41.277911987968984
2019-01-24,-26.697121138273715,-32.85426195504122,-62.26773006266622,-40.91957849289546
2019-01-25,-25.341254113365864,-32.1251973684892,-63.68840751358779,-41.33033948962265
2019-01-26,-25.813764172507472,-32.18698302810257,-64.98297180683447,-43.075908288910654
2019-01-27,-26.513484784293684,-31.00259623070401,-64.66125246811984,-42.551385638295855
2019-01-28,-27.533901476330637,-30.14128795649471,-65.28085201736698,-42.686903534811904
2019-01-29,-28.351007252121853,-31.218864250390688,-65.60736809002232,-41.95848933976174
2019-01-30,-28.42429181328953,-31.12248067935253,-64.20322483063606,-42.555401701799966
2019-01-31,-28.35434185198785,-29.654232587080116,-63.8859939694844,-41.89301343798614
2019-02-01,-27.200122646796377,-27.88887145120377,-63.18281564088298,-42.71758453928391
2019-02-02,-27.830221404788876,-29.37046139790545,-63.44464151151209,-42.21914244327501
2019-02-03,-27.085266019795203,-29.696105216744765,-63.35112880639427,-41.47980464132976
2019-02-04,-27.610648455949967,-28.43242954715982,-60.58091323151018,-41.17643571906509
2019-02-05,-27.51848685065672,-29.264738177205707,-61.160294161585,-43.52265357292571
2019-02-06,-29.190579213171517,-29.892454024443097,-61.963094288887994,-43.41281953398463
2019-02-07,-28.702573071606093,-30.129377573243836,-62.464351334486715,-44.35226530406534
2019-02-08,-29.215162862211304,-30.57542782539171,-62.321509869778986,-41.875216922567844
2019-02-09,-27.161301475040357,-30.855157057471835,-62.38549583252795,-41.39101777757403
2019-02-10,-26.968478976069765,-31.68659585416339,-62.911670240029544,-41.41725014713636
2019-02-11,-28.19809667103351,-32.06683979218661,-62.94587994399089,-41.61737107629867
2019-02-12,-28.3171020813366,-33.32965210539278,-61.688771578423435,-38.633175222903276
2019-02-13,-28.07628660487935,-33.5706877517765,-63.26220500843144,-38.14224219415833
2019-02-14,-28.24908534226318,-33.511323229938306,-63.11218717908234,-38.86448690408134
2019-02-15,-28.732646444241055,-33.655537910855934,-64.51197217817013,-38.038888712323946
2019-02-16,-28.55189627840221,-33.87244910584053,-64.34125097884112,-39.05657282223663
2019-02-17,-27.076536159218314,-33.418740675117846,-65.22469528607273,-39.50468218872267
2019-02-18,-27.79070654276277,-32.196504216385684,-63.29688320520635,-39.454941493006466
2019-02-19,-27.35649226348525,-31.47069583574889,-62.97942170163545,-39.44634526990406
2019-02-20,-26.018271114720974,-32.134935328581236,-61.731621734662326,-40.31896880560411
2019-02-21,-25.670515532048253,-32.33154454463846,-60.33266809280352,-41.97940829289169
2019-02-22,-23.850480201795076,-32.473299702743354,-60.15390957301732,-41.0999652749218
2019-02-23,-24.23613634080296,-31.8214124194956,-59.97980727455663,-41.72511898947257
2019-02-24,-23.004552579276492,-31.16682005001459,-60.2865649483802,-42.864845674274186
2019-02-25,-22.424774670716424,-31.977049005636612,-59.4492630285828,-42.767706828577126
2019-02-26,-21.46824650244277,-32.51191281243117,-59.13420654793124,-42.15028821840532
2019-02-27,-22.399730714890783,-30.08587600748192,-59.40315295438341,-40.204601856475215
2019-02-28,-24.608170115694517,-29.347245431961348,-60.12582454575939,-40.828830985355765
2019-03-01,-24.738725995246842,-30.748180213309727,-61.29366693347768,-41.50936502610766
2019-03-02,-24.922913345934212,-29.908750527575283,-62.64688488345594,-42.85024601773134
2019-03-03,-24.601650527439247,-29.53886880353603,-60.48621467037282,-43.39916782033916
2019-03-04,-22.99331477024236,-29.552340850447703,-60.03946249021319,-42.5136703130717
2019-03-05,-23.024024537389685,-29.277510551007197,-60.218756047515576,-44.07973640427896
2019-03-06,-23.721680398745935,-29.128116177839757,-61.16394872780079,-43.84007645029672
2019-03-07,-21.502533809977532,-29.55532271464333,-63.82877423846345,-42.85488975321482
2019-03-08,-20.82805964025961,-30.679962719325985,-65.71139675368288,-40.97518790839365
2019-03-09,-20.648223424707457,-31.667673148924496,-66.20255988653705,-40.20840300576058
2019-03-10,-21.505075918195352,-30.614022676315155,-66.15084210201758,-40.27083803864582
2019-03-11,-22.880107257073337,-30.12185704506044,-65.45606030654413,-38.607052610890115
2019-03-12,-21.50748092970205,-30.690970717665163,-66.00090705510014,-39.64328973854486
2019-03-13,-20.278707742182352,-30.320275021919777,-67.3819611161962,-38.524433606711625
2019-03-14,-20.3910374517888,-31.448184541821004,-67.7639736797215,-38.43006218870609
2019-03-15,-20.1273505562181,-31.703929817422917,-66.76619577801819,-40.381777029587575
2019-03-16,-20.395902183221022,-31.818035618589946,-66.94204258602132,-39.545749447442915
2019-03-17,-18.75518476604946,-30.37722994985132,-67.47038221991544,-38.651953102493486
2019-03-18,-17.51049059344834,-29.193287600422405,-68.3077280485991,-39.92575485362042
2019-03-19,-17.647941443592494,-28.100777152067405,-68.77717104189588,-40.495015536164814
2019-03-20,-16.111529814044008,-28.850126900266336,-68.30298174127154,-41.802173777601084
2019-03-21,-17.358285877083397,-28.221965148547415,-68.74982277314415,-42.003829350419196
2019-03-22,-16.1300637969478,-27.608875568288887,-68.446374328943,-40.284812875428344
2019-03-23,-15.713533920646407,-28.432385589554364,-69.99284358950251,-42.31312993338101
2019-03-24,-16.790855534298945,-28.375098808050534,-71.32618851507303,-44.36958108463092
2019-03-25,-16.763119597158354,-30.199928044863483,-71.9370195174742,-44.57180640244198
2019-03-26,-17.26312562050967,-30.045379370162266,-69.67554262143743,-44.20502723333866
2019-03-27,-16.23972697303159,-29.17391524380745,-70.53701851992552,-45.87776319168781
2019-03-28,-16.291273311955653,-28.675725675906342,-70.28814609775375,-44.71954845490479
2019-03-29,-15.757788696537013,-28.944663627696556,-70.34518669390569,-44.35368206031823
2019-03-30,-16.16228200113329,-28.88286691355339,-70.90565912089498,-43.51760775672882
2019-03-31,-15.422112206687451,-29.791243359624715,-73.03118515982942,-44.40522153154733
2019-04-01,-15.529047521556869,-28.97625861787465,-72.87992306297797,-44.1103065696397
2019-04-02,-16.005852633617604,-29.340947804731847,-71.58214314639766,-45.420431756312325
2019-04-03,-18.255399557703015,-30.67063190740765,-71.0635495871197,-43.96277552185025
2019-04-04,-18.665459041164777,-30.63137627880418,-70.886920110025,-44.55715205753602
2019-04-05,-18.601326644385463,-31.40049792251248,-71.32691835037024,-44.518733677955495
2019-04-06,-19.242172500008323,-31.877476595754636,-71.55945689383768,-44.69456827537653
2019-04-07,-19.5311815378649,-32.18314486329887,-70.88883447939459,-43.74891940065792
2019-04-08,-20.93545270126301,-33.4420200590372,-71.49494793166933,-42.53357093554888
2019-04-09,-21.35884667593168,-33.552276112794864,-74.79265459233622,-43.171746517084124
2019-04-10,-21.270011956704543,-34.0233937161589,-76.0678370533862,-42.86117591183123
2019-04-11,-20.33543216726545,-34.611882951497215,-76.09773130345475,-43.93504672309656
2019-04-12,-20.20024810032942,-34.64960059869672,-76.73424416718318,-43.915800026732775
2019-04-13,-20.181992998361274,-33.241779342410496,-76.45771165617508,-43.56909632953773
2019-04-14,-19.46057496439084,-32.25603107883146,-75.95518158553381,-44.07918848520112
2019-04-15,-19.504228663683868,-32.54525250536588,-76.48101026202697,-43.443172031834415
2019-04-16,-20.215254908023077,-32.3454688245751,-76.501170279545,-43.20780307046921
2019-04-17,-21.653138383399416,-32.67914441209175,-76.29559387670274,-43.482303761216464
2019-04-18,-21.852385603967576,-31.313324249877912,-76.66769009852786,-45.52559825471755
2019-04-19,-22.07954055711662,-31.848917846691446,-76.67337314354691,-45.13615665697449
2019-04-20,-23.595744068249818,-30.53240802731823,-77.59631101538798,-44.798663565229994
2019-04-21,-23.40534112780079,-30.264300148283866,-77.05473480569734,-45.098332885926744
2019-04-22,-24.625678131255164,-29.368828812025992,-78.89081989020724,-46.74955401763467
2019-04-23,-24.084619255145956,-29.54919613638205,-80.19060095876762,-46.32205724303012
2019-04-24,-25.146375238957553,-29.344713357901178,-81.12609668503055,-45.37959004256259
2019-04-25,-26.126429766825805,-28.707598230233113,-82.72218745049419,-45.83583573858329
2019-04-26,-26.391270426370447,-28.818881754165506,-85.73305127436892,-47.46678358133716
2019-04-27,-25.60220113727691,-29.45630831952762,-86.34180660261514,-46.57082655406684
2019-04-28,-26.723768754571573,-28.55010336138649,-86.6520654688729,-46.858449747683515
2019-04-29,-26.298531874568983,-28.708677737235632,-87.93538933037706,-47.41846786462813
2019-04-30,-27.202079950769054,-29.957860009414194,-89.25626323215133,-49.24258849537483
2019-05-01,-26.604898708197982,-29.98487738572216,-88.90098881342915,-50.21009694105052
2019-05-02,-25.837774405763476,-30.748571822531915,-89.6647543152933,-51.27298876496979
2019-05-03,-25.164007674736098,-30.075680832031676,-89.55290147398419,-50.582479166276066
2019-05-04,-24.603222433738107,-29.453112479019,-88.81593602244791,-50.8091847532612
2019-05-05,-24.76410996218411,-29.525878889757376,-88.61095163731758,-50.46398576750294
2019-05-06,-24.540618556035767,-29.9068096052727,-87.7268437242474,-49.89588191841403
2019-05-07,-24.340440164946294,-30.137807159646908,-89.70374775341584,-51.42985975394897
2019-05-08,-25.29278985542148,-29.00838384556115,-88.79765807849351,-51.639233973010676
2019-05-09,-25.096510144556646,-29.164286474947808,-89.06234274588,-51.88285102579764
2019-05-10,-25.537761470784318,-28.26862243781694,-88.95737440439879,-53.167678666054535
2019-05-11,-24.00573474996709,-28.167905694262714,-88.55897609630308,-52.46482862620197
2019-05-12,-25.390971343572396,-28.196765784108848,-87.71415387633641,-50.54545517717092
2019-05-13,-26.112636184932065,-28.144472082207955,-88.37128665389578,-50.180935586603766
2019-05-14,-27.247171409681783,-28.77424711307251,-88.08297036878497,-51.190030852327844
2019-05-15,-26.496357026754367,-29.01277743925865,-88.2044645789295,-51.09445045176249
2019-05-16,-26.863070471212517,-29.899663146489015,-86.65782814925181,-51.30986148440382
2019-05-17,-28.35940818325927,-28.072617061712606,-86.61143069268094,-49.65130989825453
2019-05-18,-29.165291111381965,-26.63496036251395,-86.10855376134319,-48.87879195949466
2019-05-19,-30.491721601747198,-27.79857040061996,-87.32673276858034,-49.27246651634983
2019-05-20,-29.785782204860848,-29.275910878821865,-88.44148422591326,-50.85938587640184
2019-05-21,-29.93857368413264,-28.76431218554426,-88.50380251983601,-51.28429177150547
2019-05-22,-30.705215499415846,-28.335275837656024,-88.57325123118194,-53.318241454967456
2019-05-23,-31.14351891043246,-28.675551800589872,-89.37416948331452,-52.89944827466417
2019-05-24,-29.53503318623017,-28.10391883511792,-89.54560388812023,-52.85975181129793
2019-05-25,-27.760186817834164,-28.609114878798835,-89.31419718873859,-53.2536397979255
2019-05-26,-28.27395950587859,-27.61184133440446,-89.14941576053734,-53.18404702947631
2019-05-27,-29.05595135235399,-26.529607749124835,-90.90777516347201,-53.25242069424704
2019-05-28,-29.83901604052041,-24.648099593882925,-88.98693768628814,-52.83502198090507
2019-05-29,-30.11264427248465,-24.178590998510813,-89.26433467069366,-53.53661402865948
2019-05-30,-29.665955521219537,-24.31489952386207,-88.1957192474254,-55.018433256268644
2019-05-31,-30.564959192429857,-24.836744140781622,-88.17816320483031,-55.20098259934636
2019-06-01,-31.483876935723316,-24.267036816746884,-86.21305287947035,-53.04026537497361
2019-06-02,-29.424594355909242,-22.57498510403859,-87.20304062490094,-51.62120382665309
2019-06-03,-27.916789027328818,-20.883537929561285,-88.00114769777582,-51.28246949791918
2019-06-04,-28.976738458724284,-20.022839846698616,-88.0979213464666,-51.338561618948546
2019-06-05,-29.000755898558094,-21.038812953125692,-87.34272290549089,-52.08488787888637
2019-06-06,-29.452957489290338,-21.16792908571984,-86.4310985123139,-52.839571500556595
2019-06-07,-29.964359098754024,-19.2763120948932,-85.61463334796628,-52.110432837208215
2019-06-08,-32.18722725453787,-19.41776956151388,-84.81708728147461,-52.73736284999135
2019-06-09,-30.494772302211953,-17.9788058766804,-84.78693874096767,-53.118763595629304
2019-06-10,-30.636436730790447,-19.163824039856447,-85.2422184431494,-52.342289966345376
2019-06-11,-30.84435385040732,-18.212457447532568,-85.27408958104554,-54.57409839406909
2019-06-12,-30.382463670537994,-16.65392417924764,-85.38641389081484,-54.63472893890348
2019-06-13,-30.19562006324124,-16.665311125306356,-85.00078921098832,-55.8568218119001
2019-06-14,-31.785328029675778,-16.576700775443495,-86.49051924418976,-54.725450952965595
2019-06-15,-32.48274644836729,-17.882846965978587,-85.78729580638597,-54.80969220569048
2019-06-16,-30.481903730245598,-18.426301523139063,-86.45005172782382,-54.6574043258965
2019-06-17,-30.90170107870971,-18.698497365159106,-84.83782844025801,-53.454873857583955
2019-06-18,-32.03798047050353,-18.316837006240075,-84.47523465558938,-52.78458127867091
2019-06-19,-30.797750418049088,-18.003730352105613,-84.93501765914019,-51.75121676466119
2019-06-20,-30.703390714382387,-18.612212617572027,-84.28147136049284,-51.605477637385384
2019-06-21,-30.851552880540822,-18.07820555776635,-83.59196690512968,-49.841343851757784
2019-06-22,-30.553096294990947,-16.703140133660693,-81.51518809659804,-49.61681236272959
2019-06-23,-29.881412869664953,-16.64837738422047,-81.64518149087743,-48.68627859859373
2019-06-24,-29.763235508859413,-17.04117328070146,-80.31795604971805,-49.099830918844376
2019-06-25,-28.825313936132982,-15.904088277066247,-80.94362239788656,-49.45920671952193
2019-06-26,-29.107738613244234,-16.40034060437571,-79.52112288720485,-49.61307213580516
2019-06-27,-29.613688590572632,-15.14153232415495,-78.85337401445751,-48.12461939677385
2019-06-28,-30.724295783248778,-18.015639467941362,-80.33981106577819,-47.662899590122905
2019-06-29,-31.454880434379383,-17.657526483442012,-82.02634508673081,-46.88126193088988
2019-06-30,-29.886103458693086,-18.326228990685806,-81.39715203007495,-46.52144056210736
2019-07-01,-29.343146530244713,-20.31281023487422,-83.10395620679324,-45.8399635253898
2019-07-02,-30.391718811832725,-20.149293591794645,-82.55223328306116,-46.51747494879641
2019-07-03,-30.75321451676029,-19.464026231449456,-80.68908870734134,-46.52272544095882
2019-07-04,-29.62394815535695,-18.62625525743692,-80.55281207968976,-45.99805419740581
2019-07-05,-30.041690048855397,-19.47338626329526,-80.96804395009791,-44.25853223703973
2019-07-06,-30.33151713284006,-18.29759070635084,-80.43850368874533,-44.21867910713614
2019-07-07,-32.25112000919146,-17.451585759522132,-81.37251516652331,-42.92360715344835
2019-07-08,-32.99694673735972,-16.854633839392438,-82.01248483533308,-44.08273023557681
2019-07-09,-32.92991359816803,-18.06138629488968,-82.2246245569149,-44.51790942716324
2019-07-10,-33.97957493449741,-18.504453629107203,-82.30249949911763,-44.162634728641784
2019-07-11,-33.16921689121857,-18.589429778026258,-81.65762694914021,-44.98216893287062
2019-07-12,-33.8530539593009,-18.748253870550123,-80.66517578047348,-45.74014564159424
2019-07-13,-34.609271881411416,-19.48980385149978,-80.5818206578572,-45.96365392759456
2019-07-14,-31.795591370631364,-18.00200498877012,-80.51646991640845,-45.937299316064035
2019-07-15,-33.041504857616545,-17.546652451232248,-80.71267240916868,-47.39916542396592
2019-07-16,-35.245298294244364,-17.84260715551746,-80.86606948318811,-46.882291946043864
2019-07-17,-34.58142176580674,-17.142443652083177,-81.47959065457181,-46.60508500657247
2019-07-18,-35.399063921826595,-18.687678399255056,-81.51451149951271,-46.99431087558274
2019-07-19,-35.07559093092505,-20.43291055665525,-81.87538963537341,-47.296059717162926
2019-07-20,-34.06264119881412,-21.741054960442554,-82.41174654512106,-46.00336204704642
2019-07-21,-34.607017823034475,-21.22172726442366,-80.36790853583923,-45.526907093160624
2019-07-22,-34.70504079154129,-20.67870935449011,-80.5648712745739,-46.55241481373571
2019-07-23,-36.72088420419378,-23.16042659995185,-79.35588240851219,-45.398760721782686
2019-07-24,-37.80359695737979,-21.56851634699948,-76.77125352359396,-47.18350747734199
2019-07-25,-37.432262034732645,-20.325290320993773,-77.96301007618376,-47.760136860336274
2019-07-26,-37.132884019287594,-21.796007667820664,-78.29671539144373,-48.255168833138605
2019-07-27,-35.887971252353296,-21.12861411474992,-78.71298369162574,-49.31433090093933
2019-07-28,-37.69706754817106,-20.81593205447156,-78.73560479427762,-49.056154023103474
2019-07-29,-38.68379589676065,-19.845613309360825,-78.34417423082115,-49.062984958289704
2019-07-30,-39.340336691379534,-18.4041337495539,-77.02334202236455,-47.43662913447845
2019-07-31,-40.19916166029648,-18.761560162410746,-75.26128176148397,-47.13937031913914
2019-08-01,-41.181451259585074,-18.98911329004705,-74.2913146048698,-47.54734311914186
2019-08-02,-41.75503005889023,-17.78325936038662,-75.60962260431361,-48.072327838312546
2019-08-03,-41.294956143411575,-19.019376148192563,-77.01835469823706,-46.19157529342672
2019-08-04,-43.576679739424705,-19.942857727265867,-75.95900358381795,-46.29709038548899
2019-08-05,-44.96487330137839,-19.771397045513236,-77.00214022860798,-45.74516134184617
2019-08-06,-45.24359069252789,-18.190669269361535,-76.69518688034525,-45.76443535723622
2019-08-07,-45.895039437484385,-17.804722250435915,-76.04263269862058,-46.170046485055366
2019-08-08,-46.110889005260155,-17.510251913328325,-75.42253461120026,-44.26973602201768
2019-08-09,-46.796839791578925,-17.876171083887687,-75.71990565041843,-45.41236937453514
2019-08-10,-47.67762296120084,-17.3830590998683,-75.09460994641051,-45.71896826726074
2019-08-11,-47.422652495456234,-17.34685547528854,-75.41609446184839,-44.36767523204276
2019-08-12,-46.36384459471257,-18.71119334519966,-74.45193012258372,-46.44977748196366
2019-08-13,-46.35109176007443,-18.53023831115324,-74.08398248933894,-46.93918187851748
2019-08-14,-45.73239608656303,-17.149451987792467,-71.30706309090382,-45.231788238147026
2019-08-15,-46.622897620452164,-16.802774929465485,-70.33701621688925,-45.57827446407203
2019-08-16,-47.43455806065388,-16.817212499410633,-69.12846736563723,-45.25144007720676
2019-08-17,-45.82779116366413,-18.751433374516413,-70.96418824988571,-45.972002260942894
2019-08-18,-45.96185259230732,-18.47096889684032,-71.23095536490389,-45.226362213998584
2019-08-19,-43.85248976570563,-18.673742377570566,-72.33471519132506,-45.512634571634614
2019-08-20,-44.49998576114826,-18.84981427052478,-71.33501349985555,-45.90111752310864
2019-08-21,-44.98496958561198,-19.925009033958244,-72.19500197145204,-46.69581736812001
2019-08-22,-43.03098960198906,-21.045235741226026,-73.37071371471218,-46.918336419982246
2019-08-23,-42.848203437438215,-19.770292532971638,-73.09122677237364,-45.50513351717642
2019-08-24,-42.86639635846411,-20.236300937729773,-73.7487555902726,-44.70278853678664
2019-08-25,-42.338045563869805,-21.613145210034858,-74.17203036505984,-46.396307707953675
2019-08-26,-42.937281174999534,-22.58412419114492,-73.28769530224181,-46.09196884876098
2019-08-27,-42.18767003346273,-23.427017816696004,-73.58780095503802,-47.27766862299785
2019-08-28,-42.112522409978105,-23.878505355837024,-73.12255293022052,-48.01973562410415
2019-08-29,-43.34506932532449,-23.423099195059187,-73.43588250384853,-47.92620079685576
2019-08-30,-44.16457949197721,-22.684980930966077,-74.05167132814326,-49.210798537778246
2019-08-31,-45.97191591963336,-22.010740469423496,-73.46432310114965,-49.036890612118384
2019-09-01,-46.45432098041758,-22.562861650797807,-73.53400261915665,-49.12135780932369
2019-09-02,-46.10922720766309,-21.652302698326093,-72.89900366488968,-49.66774780618502
2019-09-03,-47.36423487536839,-22.097320610278764,-72.73539762820148,-49.08879368930603
2019-09-04,-47.17342433713407,-21.050984018869848,-71.10854381557475,-47.39612042719702
2019-09-05,-46.923145799894264,-20.278587002719537,-70.6949634458844,-47.53782600412665
2019-09-06,-45.98395740383622,-21.213671839275545,-69.76963783379227,-47.57222018300823
2019-09-07,-44.388964319472194,-20.86392547256131,-69.1735268235799,-46.200778580059605
2019-09-08,-45.90646825348545,-21.53069027243633,-69.80100360874316,-44.719434681988794
2019-09-09,-46.399569385104954,-21.44261039498267,-73.35185145391499,-42.87195779638184
2019-09-10,-47.77078345997445,-21.77438690053886,-72.01630640317808,-42.845491230203784
2019-09-11,-48.143594776420834,-23.133517554575324,-72.66761151935026,-43.81141962661752
2019-09-12,-50.089929555396786,-24.729581132175742,-73.50419027887102,-44.90894525293307
2019-09-13,-50.316716075445065,-25.765775537957754,-71.96870145474462,-43.91094924209405
2019-09-14,-50.58473286146322,-25.409105057912313,-73.57597002388147,-43.672825614832114
2019-09-15,-51.1929967384063,-24.612468763997104,-74.17329625022744,-43.61216359183516
2019-09-16,-50.01721578612369,-22.150595106802125,-73.76215750376801,-44.53136487245092
2019-09-17,-50.390209821335326,-21.75563116400382,-74.57503854292733,-44.9345839613456
2019-09-18,-49.273241949080784,-22.47786307381877,-75.56661529407188,-45.756726834878165
2019-09-19,-48.55079297471815,-24.049863514948818,-75.46463582741262,-43.5454354755612
2019-09-20,-49.66971658013688,-25.219424218822997,-75.17778668010646,-42.78003658523733
2019-09-21,-50.62136046755067,-25.28124672588402,-76.42364091088464,-42.116018851528786
2019-09-22,-49.732785850686156,-25.194742784613517,-75.14791806474143,-43.51282141728833
2019-09-23,-48.35336263738472,-25.565657252067886,-76.28810207705884,-43.895107644064566
2019-09-24,-48.69839743914874,-26.794353655270818,-76.2431907119685,-44.53325797877263
2019-09-25,-48.823961247574424,-25.73663688016572,-76.2341446596072,-42.037421374908504
2019-09-26,-48.95626201223845,-28.283859471192002,-75.51553392099288,-42.5642053884571
2019-09-27,-49.583833654224435,-27.86045036617123,-75.51045798278717,-42.91022798426903
